entid,q502,q502_1,q502_2,q502_3
009f343e-480c-496a-9c3f-ab263d438c93,Biogas stove,0,0,0
009f343e-480c-496a-9c3f-ab263d438c93,Electric cooking device,0,0,0
009f343e-480c-496a-9c3f-ab263d438c93,Kerosene fuel / other liquid fuel stove,0,0,0
009f343e-480c-496a-9c3f-ab263d438c93,LPG stove,0,0,0
009f343e-480c-496a-9c3f-ab263d438c93,Other,0,0,0
009f343e-480c-496a-9c3f-ab263d438c93,Solid-fuel stove,2,220,7000
01b439b1-7ecd-42e7-8bcb-b0d117094f0f,Biogas stove,0,0,0
01b439b1-7ecd-42e7-8bcb-b0d117094f0f,Electric cooking device,0,0,0
01b439b1-7ecd-42e7-8bcb-b0d117094f0f,Kerosene fuel / other liquid fuel stove,0,0,0
01b439b1-7ecd-42e7-8bcb-b0d117094f0f,LPG stove,1,180,10800
01b439b1-7ecd-42e7-8bcb-b0d117094f0f,Other,0,0,0
01b439b1-7ecd-42e7-8bcb-b0d117094f0f,Solid-fuel stove,0,0,0
0540a4db-3ebb-493f-a106-0a4311206bde,Biogas stove,0,0,0
0540a4db-3ebb-493f-a106-0a4311206bde,Electric cooking device,0,0,0
0540a4db-3ebb-493f-a106-0a4311206bde,Kerosene fuel / other liquid fuel stove,3,480,8000
0540a4db-3ebb-493f-a106-0a4311206bde,LPG stove,0,0,0
0540a4db-3ebb-493f-a106-0a4311206bde,Other,0,0,0
0540a4db-3ebb-493f-a106-0a4311206bde,Solid-fuel stove,1,600,3000
05d28ff2-9fb2-41d4-a1e3-33dd0bbc0c32,Biogas stove,0,0,0
05d28ff2-9fb2-41d4-a1e3-33dd0bbc0c32,Electric cooking device,0,0,0
05d28ff2-9fb2-41d4-a1e3-33dd0bbc0c32,Kerosene fuel / other liquid fuel stove,1,120,3000
05d28ff2-9fb2-41d4-a1e3-33dd0bbc0c32,LPG stove,0,0,0
05d28ff2-9fb2-41d4-a1e3-33dd0bbc0c32,Other,0,0,0
05d28ff2-9fb2-41d4-a1e3-33dd0bbc0c32,Solid-fuel stove,0,0,0
06193d6e-c300-4d27-a812-0f386992da8b,Biogas stove,0,0,0
06193d6e-c300-4d27-a812-0f386992da8b,Electric cooking device,1,120,0
06193d6e-c300-4d27-a812-0f386992da8b,Kerosene fuel / other liquid fuel stove,1,120,2000
06193d6e-c300-4d27-a812-0f386992da8b,LPG stove,2,360,15000
06193d6e-c300-4d27-a812-0f386992da8b,Other,0,0,0
06193d6e-c300-4d27-a812-0f386992da8b,Solid-fuel stove,0,0,0
0fa22787-b30b-4b84-964f-fcb22728e63e,Biogas stove,0,0,0
0fa22787-b30b-4b84-964f-fcb22728e63e,Electric cooking device,0,0,0
0fa22787-b30b-4b84-964f-fcb22728e63e,Kerosene fuel / other liquid fuel stove,1,60,1500
0fa22787-b30b-4b84-964f-fcb22728e63e,LPG stove,0,0,0
0fa22787-b30b-4b84-964f-fcb22728e63e,Other,0,0,0
0fa22787-b30b-4b84-964f-fcb22728e63e,Solid-fuel stove,0,0,0
0ff61e1c-d2cf-4b1b-a632-ccbee8e34fcb,Biogas stove,0,0,0
0ff61e1c-d2cf-4b1b-a632-ccbee8e34fcb,Electric cooking device,1,90,99
0ff61e1c-d2cf-4b1b-a632-ccbee8e34fcb,Kerosene fuel / other liquid fuel stove,0,0,0
0ff61e1c-d2cf-4b1b-a632-ccbee8e34fcb,LPG stove,0,0,0
0ff61e1c-d2cf-4b1b-a632-ccbee8e34fcb,Other,0,0,0
0ff61e1c-d2cf-4b1b-a632-ccbee8e34fcb,Solid-fuel stove,0,0,0
10d196f2-44c2-4bf6-84a4-1c7f52781559,Biogas stove,1,60,6000
10d196f2-44c2-4bf6-84a4-1c7f52781559,Electric cooking device,0,0,0
10d196f2-44c2-4bf6-84a4-1c7f52781559,Kerosene fuel / other liquid fuel stove,0,0,0
10d196f2-44c2-4bf6-84a4-1c7f52781559,LPG stove,0,0,0
10d196f2-44c2-4bf6-84a4-1c7f52781559,Other,0,0,0
10d196f2-44c2-4bf6-84a4-1c7f52781559,Solid-fuel stove,0,0,0
1132eb67-51dc-451f-bf39-6f41c8baefdb,Biogas stove,0,0,0
1132eb67-51dc-451f-bf39-6f41c8baefdb,Electric cooking device,0,0,0
1132eb67-51dc-451f-bf39-6f41c8baefdb,Kerosene fuel / other liquid fuel stove,1,60,5000
1132eb67-51dc-451f-bf39-6f41c8baefdb,LPG stove,0,0,0
1132eb67-51dc-451f-bf39-6f41c8baefdb,Other,0,0,0
1132eb67-51dc-451f-bf39-6f41c8baefdb,Solid-fuel stove,0,0,0
1239f057-d592-4dfd-8cb9-0e893b6d2a9b,Biogas stove,0,0,0
1239f057-d592-4dfd-8cb9-0e893b6d2a9b,Electric cooking device,0,0,0
1239f057-d592-4dfd-8cb9-0e893b6d2a9b,Kerosene fuel / other liquid fuel stove,0,0,0
1239f057-d592-4dfd-8cb9-0e893b6d2a9b,LPG stove,1,240,4000
1239f057-d592-4dfd-8cb9-0e893b6d2a9b,Other,0,0,0
1239f057-d592-4dfd-8cb9-0e893b6d2a9b,Solid-fuel stove,0,0,0
133ed85c-86a0-43b6-bce4-cd8145c273d3,Biogas stove,0,0,0
133ed85c-86a0-43b6-bce4-cd8145c273d3,Electric cooking device,0,0,0
133ed85c-86a0-43b6-bce4-cd8145c273d3,Kerosene fuel / other liquid fuel stove,1,80,3000
133ed85c-86a0-43b6-bce4-cd8145c273d3,LPG stove,0,0,0
133ed85c-86a0-43b6-bce4-cd8145c273d3,Other,0,0,0
133ed85c-86a0-43b6-bce4-cd8145c273d3,Solid-fuel stove,0,0,0
137f46f8-bd70-4d86-a972-33896c016c26,Biogas stove,0,0,0
137f46f8-bd70-4d86-a972-33896c016c26,Electric cooking device,0,0,0
137f46f8-bd70-4d86-a972-33896c016c26,Kerosene fuel / other liquid fuel stove,0,0,0
137f46f8-bd70-4d86-a972-33896c016c26,LPG stove,2,240,9600
137f46f8-bd70-4d86-a972-33896c016c26,Other,0,0,0
137f46f8-bd70-4d86-a972-33896c016c26,Solid-fuel stove,1,240,3000
1a93b7f5-f0c9-4a31-9d3e-c0465002fc9a,Biogas stove,0,0,0
1a93b7f5-f0c9-4a31-9d3e-c0465002fc9a,Electric cooking device,0,0,0
1a93b7f5-f0c9-4a31-9d3e-c0465002fc9a,Kerosene fuel / other liquid fuel stove,0,0,0
1a93b7f5-f0c9-4a31-9d3e-c0465002fc9a,LPG stove,0,0,0
1a93b7f5-f0c9-4a31-9d3e-c0465002fc9a,Other,0,0,0
1a93b7f5-f0c9-4a31-9d3e-c0465002fc9a,Solid-fuel stove,2,240,6000
1ac839a9-0169-4982-b31a-a6f8a9064b3c,Biogas stove,0,0,0
1ac839a9-0169-4982-b31a-a6f8a9064b3c,Electric cooking device,0,0,0
1ac839a9-0169-4982-b31a-a6f8a9064b3c,Kerosene fuel / other liquid fuel stove,1,90,4000
1ac839a9-0169-4982-b31a-a6f8a9064b3c,LPG stove,0,0,0
1ac839a9-0169-4982-b31a-a6f8a9064b3c,Other,0,0,0
1ac839a9-0169-4982-b31a-a6f8a9064b3c,Solid-fuel stove,0,0,0
1bf72135-d099-4d6a-8daa-f7c3d7068b84,Biogas stove,0,0,0
1bf72135-d099-4d6a-8daa-f7c3d7068b84,Electric cooking device,0,0,0
1bf72135-d099-4d6a-8daa-f7c3d7068b84,Kerosene fuel / other liquid fuel stove,1,90,4000
1bf72135-d099-4d6a-8daa-f7c3d7068b84,LPG stove,1,300,12000
1bf72135-d099-4d6a-8daa-f7c3d7068b84,Other,0,0,0
1bf72135-d099-4d6a-8daa-f7c3d7068b84,Solid-fuel stove,0,0,0
2057b8ed-dadc-4c97-acc6-2e1e0b7887db,Biogas stove,0,0,0
2057b8ed-dadc-4c97-acc6-2e1e0b7887db,Electric cooking device,0,0,0
2057b8ed-dadc-4c97-acc6-2e1e0b7887db,Kerosene fuel / other liquid fuel stove,0,0,0
2057b8ed-dadc-4c97-acc6-2e1e0b7887db,LPG stove,0,0,0
2057b8ed-dadc-4c97-acc6-2e1e0b7887db,Other,0,0,0
2057b8ed-dadc-4c97-acc6-2e1e0b7887db,Solid-fuel stove,3,180,0
2155349c-3e8b-4db0-abb2-a95d5e38e2ee,Biogas stove,0,0,0
2155349c-3e8b-4db0-abb2-a95d5e38e2ee,Electric cooking device,0,0,0
2155349c-3e8b-4db0-abb2-a95d5e38e2ee,Kerosene fuel / other liquid fuel stove,2,90,4700
2155349c-3e8b-4db0-abb2-a95d5e38e2ee,LPG stove,2,65,10000
2155349c-3e8b-4db0-abb2-a95d5e38e2ee,Other,0,0,0
2155349c-3e8b-4db0-abb2-a95d5e38e2ee,Solid-fuel stove,0,0,0
217ee94a-9c7e-4cc7-bc54-d92ab19a1db8,Biogas stove,0,0,0
217ee94a-9c7e-4cc7-bc54-d92ab19a1db8,Electric cooking device,0,0,0
217ee94a-9c7e-4cc7-bc54-d92ab19a1db8,Kerosene fuel / other liquid fuel stove,2,80,4860
217ee94a-9c7e-4cc7-bc54-d92ab19a1db8,LPG stove,2,156,1200
217ee94a-9c7e-4cc7-bc54-d92ab19a1db8,Other,0,0,0
217ee94a-9c7e-4cc7-bc54-d92ab19a1db8,Solid-fuel stove,0,0,0
26570223-476d-4cce-89b6-0628e8617479,Biogas stove,0,0,0
26570223-476d-4cce-89b6-0628e8617479,Electric cooking device,0,0,0
26570223-476d-4cce-89b6-0628e8617479,Kerosene fuel / other liquid fuel stove,1,120,2000
26570223-476d-4cce-89b6-0628e8617479,LPG stove,0,0,0
26570223-476d-4cce-89b6-0628e8617479,Other,0,0,0
26570223-476d-4cce-89b6-0628e8617479,Solid-fuel stove,0,0,0
2667e8f4-4f92-4ae8-ad06-f413017b0abe,Biogas stove,0,0,0
2667e8f4-4f92-4ae8-ad06-f413017b0abe,Electric cooking device,0,0,0
2667e8f4-4f92-4ae8-ad06-f413017b0abe,Kerosene fuel / other liquid fuel stove,0,0,0
2667e8f4-4f92-4ae8-ad06-f413017b0abe,LPG stove,1,120,5000
2667e8f4-4f92-4ae8-ad06-f413017b0abe,Other,0,0,0
2667e8f4-4f92-4ae8-ad06-f413017b0abe,Solid-fuel stove,0,0,0
282ee228-9deb-444c-9028-7c5567d14e0b,Biogas stove,0,0,0
282ee228-9deb-444c-9028-7c5567d14e0b,Electric cooking device,0,0,0
282ee228-9deb-444c-9028-7c5567d14e0b,Kerosene fuel / other liquid fuel stove,0,0,0
282ee228-9deb-444c-9028-7c5567d14e0b,LPG stove,1,30,1800
282ee228-9deb-444c-9028-7c5567d14e0b,Other,0,0,0
282ee228-9deb-444c-9028-7c5567d14e0b,Solid-fuel stove,0,0,0
2a2be3db-a6d2-473d-aebf-ef6415effc13,Biogas stove,0,0,0
2a2be3db-a6d2-473d-aebf-ef6415effc13,Electric cooking device,0,0,0
2a2be3db-a6d2-473d-aebf-ef6415effc13,Kerosene fuel / other liquid fuel stove,1,120,5000
2a2be3db-a6d2-473d-aebf-ef6415effc13,LPG stove,3,240,20000
2a2be3db-a6d2-473d-aebf-ef6415effc13,Other,0,0,0
2a2be3db-a6d2-473d-aebf-ef6415effc13,Solid-fuel stove,0,0,0
2a84b32b-22d1-4a7d-8252-d410981fab16,Biogas stove,0,0,0
2a84b32b-22d1-4a7d-8252-d410981fab16,Electric cooking device,0,0,0
2a84b32b-22d1-4a7d-8252-d410981fab16,Kerosene fuel / other liquid fuel stove,0,0,0
2a84b32b-22d1-4a7d-8252-d410981fab16,LPG stove,0,0,0
2a84b32b-22d1-4a7d-8252-d410981fab16,Other,0,0,0
2a84b32b-22d1-4a7d-8252-d410981fab16,Solid-fuel stove,1,780,15000
2ad51367-b9c9-4297-a325-5b1a2c6679cc,Biogas stove,0,0,0
2ad51367-b9c9-4297-a325-5b1a2c6679cc,Electric cooking device,0,0,0
2ad51367-b9c9-4297-a325-5b1a2c6679cc,Kerosene fuel / other liquid fuel stove,1,150,2400
2ad51367-b9c9-4297-a325-5b1a2c6679cc,LPG stove,1,120,3500
2ad51367-b9c9-4297-a325-5b1a2c6679cc,Other,0,0,0
2ad51367-b9c9-4297-a325-5b1a2c6679cc,Solid-fuel stove,0,0,0
2ae43cb9-a0fd-4d24-9890-3e9aed7d6b1f,Biogas stove,1,90,3500
2ae43cb9-a0fd-4d24-9890-3e9aed7d6b1f,Electric cooking device,0,0,0
2ae43cb9-a0fd-4d24-9890-3e9aed7d6b1f,Kerosene fuel / other liquid fuel stove,0,0,0
2ae43cb9-a0fd-4d24-9890-3e9aed7d6b1f,LPG stove,0,0,0
2ae43cb9-a0fd-4d24-9890-3e9aed7d6b1f,Other,0,0,0
2ae43cb9-a0fd-4d24-9890-3e9aed7d6b1f,Solid-fuel stove,0,0,0
2cefcccc-42f4-4d05-bcfd-0413243c4da6,Biogas stove,0,0,0
2cefcccc-42f4-4d05-bcfd-0413243c4da6,Electric cooking device,0,0,0
2cefcccc-42f4-4d05-bcfd-0413243c4da6,Kerosene fuel / other liquid fuel stove,0,0,0
2cefcccc-42f4-4d05-bcfd-0413243c4da6,LPG stove,2,60,3000
2cefcccc-42f4-4d05-bcfd-0413243c4da6,Other,0,0,0
2cefcccc-42f4-4d05-bcfd-0413243c4da6,Solid-fuel stove,1,120,5000
2d3d0d3e-ae47-4616-8f4e-6f0fad5e0058,Biogas stove,0,0,0
2d3d0d3e-ae47-4616-8f4e-6f0fad5e0058,Electric cooking device,0,0,0
2d3d0d3e-ae47-4616-8f4e-6f0fad5e0058,Kerosene fuel / other liquid fuel stove,2,90,3200
2d3d0d3e-ae47-4616-8f4e-6f0fad5e0058,LPG stove,2,60,13000
2d3d0d3e-ae47-4616-8f4e-6f0fad5e0058,Other,0,0,0
2d3d0d3e-ae47-4616-8f4e-6f0fad5e0058,Solid-fuel stove,0,0,0
2fe3b6cd-99fa-44a2-a12c-e7bb55261f76,Biogas stove,0,0,0
2fe3b6cd-99fa-44a2-a12c-e7bb55261f76,Electric cooking device,0,0,0
2fe3b6cd-99fa-44a2-a12c-e7bb55261f76,Kerosene fuel / other liquid fuel stove,0,0,0
2fe3b6cd-99fa-44a2-a12c-e7bb55261f76,LPG stove,1,180,2750
2fe3b6cd-99fa-44a2-a12c-e7bb55261f76,Other,0,0,0
2fe3b6cd-99fa-44a2-a12c-e7bb55261f76,Solid-fuel stove,0,0,0
30896276-6938-484f-b3b4-938ff380e557,Biogas stove,0,0,0
30896276-6938-484f-b3b4-938ff380e557,Electric cooking device,0,0,0
30896276-6938-484f-b3b4-938ff380e557,Kerosene fuel / other liquid fuel stove,0,0,0
30896276-6938-484f-b3b4-938ff380e557,LPG stove,1,240,7500
30896276-6938-484f-b3b4-938ff380e557,Other,0,0,0
30896276-6938-484f-b3b4-938ff380e557,Solid-fuel stove,1,360,6000
313e4bd6-6e1f-435b-80ba-2e25af5cfcc2,Biogas stove,0,0,0
313e4bd6-6e1f-435b-80ba-2e25af5cfcc2,Electric cooking device,0,0,0
313e4bd6-6e1f-435b-80ba-2e25af5cfcc2,Kerosene fuel / other liquid fuel stove,0,0,0
313e4bd6-6e1f-435b-80ba-2e25af5cfcc2,LPG stove,0,0,0
313e4bd6-6e1f-435b-80ba-2e25af5cfcc2,Other,0,0,0
313e4bd6-6e1f-435b-80ba-2e25af5cfcc2,Solid-fuel stove,4,6,2000
3196a7aa-49c1-42cb-8263-7bb09704bfe9,Biogas stove,0,0,0
3196a7aa-49c1-42cb-8263-7bb09704bfe9,Electric cooking device,0,0,0
3196a7aa-49c1-42cb-8263-7bb09704bfe9,Kerosene fuel / other liquid fuel stove,0,0,0
3196a7aa-49c1-42cb-8263-7bb09704bfe9,LPG stove,2,120,15000
3196a7aa-49c1-42cb-8263-7bb09704bfe9,Other,0,0,0
3196a7aa-49c1-42cb-8263-7bb09704bfe9,Solid-fuel stove,0,0,0
323362f9-1f62-4adf-82fd-951adc3a4bd6,Biogas stove,0,0,0
323362f9-1f62-4adf-82fd-951adc3a4bd6,Electric cooking device,0,0,0
323362f9-1f62-4adf-82fd-951adc3a4bd6,Kerosene fuel / other liquid fuel stove,0,0,0
323362f9-1f62-4adf-82fd-951adc3a4bd6,LPG stove,1,20,1500
323362f9-1f62-4adf-82fd-951adc3a4bd6,Other,0,0,0
323362f9-1f62-4adf-82fd-951adc3a4bd6,Solid-fuel stove,0,0,0
343c7aa7-3c55-4166-aec6-cf6d0995c6cd,Biogas stove,0,0,0
343c7aa7-3c55-4166-aec6-cf6d0995c6cd,Electric cooking device,0,0,0
343c7aa7-3c55-4166-aec6-cf6d0995c6cd,Kerosene fuel / other liquid fuel stove,1,360,5000
343c7aa7-3c55-4166-aec6-cf6d0995c6cd,LPG stove,1,360,4000
343c7aa7-3c55-4166-aec6-cf6d0995c6cd,Other,0,0,0
343c7aa7-3c55-4166-aec6-cf6d0995c6cd,Solid-fuel stove,3,240,7000
346dad9f-ec4a-4cd0-a969-b0cd9190738c,Biogas stove,0,0,0
346dad9f-ec4a-4cd0-a969-b0cd9190738c,Electric cooking device,0,0,0
346dad9f-ec4a-4cd0-a969-b0cd9190738c,Kerosene fuel / other liquid fuel stove,2,300,4000
346dad9f-ec4a-4cd0-a969-b0cd9190738c,LPG stove,1,300,6000
346dad9f-ec4a-4cd0-a969-b0cd9190738c,Other,0,0,0
346dad9f-ec4a-4cd0-a969-b0cd9190738c,Solid-fuel stove,0,0,0
3487e43c-422f-4c07-ad7f-267eb102f476,Biogas stove,0,0,0
3487e43c-422f-4c07-ad7f-267eb102f476,Electric cooking device,0,0,0
3487e43c-422f-4c07-ad7f-267eb102f476,Kerosene fuel / other liquid fuel stove,0,0,0
3487e43c-422f-4c07-ad7f-267eb102f476,LPG stove,1,180,6500
3487e43c-422f-4c07-ad7f-267eb102f476,Other,0,0,0
3487e43c-422f-4c07-ad7f-267eb102f476,Solid-fuel stove,0,0,0
34f4578e-3912-4cd2-bf64-fa8dc64713f7,Biogas stove,0,0,0
34f4578e-3912-4cd2-bf64-fa8dc64713f7,Electric cooking device,0,0,0
34f4578e-3912-4cd2-bf64-fa8dc64713f7,Kerosene fuel / other liquid fuel stove,1,30,2000
34f4578e-3912-4cd2-bf64-fa8dc64713f7,LPG stove,0,0,0
34f4578e-3912-4cd2-bf64-fa8dc64713f7,Other,0,0,0
34f4578e-3912-4cd2-bf64-fa8dc64713f7,Solid-fuel stove,0,0,0
361e925c-9037-4e16-b730-a321a655fc5a,Biogas stove,0,0,0
361e925c-9037-4e16-b730-a321a655fc5a,Electric cooking device,0,0,0
361e925c-9037-4e16-b730-a321a655fc5a,Kerosene fuel / other liquid fuel stove,0,0,0
361e925c-9037-4e16-b730-a321a655fc5a,LPG stove,1,120,4000
361e925c-9037-4e16-b730-a321a655fc5a,Other,0,0,0
361e925c-9037-4e16-b730-a321a655fc5a,Solid-fuel stove,0,0,0
36aff9fe-53d5-42a8-8eac-bbe407e5da5e,Biogas stove,0,0,0
36aff9fe-53d5-42a8-8eac-bbe407e5da5e,Electric cooking device,0,0,0
36aff9fe-53d5-42a8-8eac-bbe407e5da5e,Kerosene fuel / other liquid fuel stove,2,720,2100
36aff9fe-53d5-42a8-8eac-bbe407e5da5e,LPG stove,0,0,0
36aff9fe-53d5-42a8-8eac-bbe407e5da5e,Other,0,0,0
36aff9fe-53d5-42a8-8eac-bbe407e5da5e,Solid-fuel stove,3,720,4000
36fdc7d5-b8c1-4394-8e4b-b601b10fbbb2,Biogas stove,1,360,8000
36fdc7d5-b8c1-4394-8e4b-b601b10fbbb2,Electric cooking device,0,0,0
36fdc7d5-b8c1-4394-8e4b-b601b10fbbb2,Kerosene fuel / other liquid fuel stove,0,0,0
36fdc7d5-b8c1-4394-8e4b-b601b10fbbb2,LPG stove,0,0,0
36fdc7d5-b8c1-4394-8e4b-b601b10fbbb2,Other,0,0,0
36fdc7d5-b8c1-4394-8e4b-b601b10fbbb2,Solid-fuel stove,0,0,0
383c4509-38cd-44d3-ba2a-474901f75e3d,Biogas stove,0,0,0
383c4509-38cd-44d3-ba2a-474901f75e3d,Electric cooking device,0,0,0
383c4509-38cd-44d3-ba2a-474901f75e3d,Kerosene fuel / other liquid fuel stove,4,70,15000
383c4509-38cd-44d3-ba2a-474901f75e3d,LPG stove,0,0,0
383c4509-38cd-44d3-ba2a-474901f75e3d,Other,0,0,0
383c4509-38cd-44d3-ba2a-474901f75e3d,Solid-fuel stove,2,75,13000
3903a78c-2745-43e6-af70-ec40c9e66015,Biogas stove,0,0,0
3903a78c-2745-43e6-af70-ec40c9e66015,Electric cooking device,0,0,0
3903a78c-2745-43e6-af70-ec40c9e66015,Kerosene fuel / other liquid fuel stove,0,0,0
3903a78c-2745-43e6-af70-ec40c9e66015,LPG stove,1,120,3000
3903a78c-2745-43e6-af70-ec40c9e66015,Other,0,0,0
3903a78c-2745-43e6-af70-ec40c9e66015,Solid-fuel stove,0,0,0
3c30d8dd-5f20-44e2-8770-fcb7bcf907ba,Biogas stove,0,0,0
3c30d8dd-5f20-44e2-8770-fcb7bcf907ba,Electric cooking device,0,0,0
3c30d8dd-5f20-44e2-8770-fcb7bcf907ba,Kerosene fuel / other liquid fuel stove,0,0,0
3c30d8dd-5f20-44e2-8770-fcb7bcf907ba,LPG stove,1,240,6500
3c30d8dd-5f20-44e2-8770-fcb7bcf907ba,Other,0,0,0
3c30d8dd-5f20-44e2-8770-fcb7bcf907ba,Solid-fuel stove,0,0,0
4163e1fc-3d13-46a5-9eca-cea63cb42167,Biogas stove,0,0,0
4163e1fc-3d13-46a5-9eca-cea63cb42167,Electric cooking device,0,0,0
4163e1fc-3d13-46a5-9eca-cea63cb42167,Kerosene fuel / other liquid fuel stove,0,0,0
4163e1fc-3d13-46a5-9eca-cea63cb42167,LPG stove,1,90,3000
4163e1fc-3d13-46a5-9eca-cea63cb42167,Other,0,0,0
4163e1fc-3d13-46a5-9eca-cea63cb42167,Solid-fuel stove,0,0,0
42f61e7a-fada-4311-bb98-a0d4c88fe5b0,Biogas stove,0,0,0
42f61e7a-fada-4311-bb98-a0d4c88fe5b0,Electric cooking device,0,0,0
42f61e7a-fada-4311-bb98-a0d4c88fe5b0,Kerosene fuel / other liquid fuel stove,0,0,0
42f61e7a-fada-4311-bb98-a0d4c88fe5b0,LPG stove,1,300,6000
42f61e7a-fada-4311-bb98-a0d4c88fe5b0,Other,0,0,0
42f61e7a-fada-4311-bb98-a0d4c88fe5b0,Solid-fuel stove,0,0,0
4320fa69-6ac2-4c30-a14b-82c19dd2423a,Biogas stove,0,0,0
4320fa69-6ac2-4c30-a14b-82c19dd2423a,Electric cooking device,0,0,0
4320fa69-6ac2-4c30-a14b-82c19dd2423a,Kerosene fuel / other liquid fuel stove,0,0,0
4320fa69-6ac2-4c30-a14b-82c19dd2423a,LPG stove,2,240,8000
4320fa69-6ac2-4c30-a14b-82c19dd2423a,Other,0,0,0
4320fa69-6ac2-4c30-a14b-82c19dd2423a,Solid-fuel stove,0,0,0
448c7bec-5270-49fe-b4eb-c02cd97f273d,Biogas stove,0,0,0
448c7bec-5270-49fe-b4eb-c02cd97f273d,Electric cooking device,0,0,0
448c7bec-5270-49fe-b4eb-c02cd97f273d,Kerosene fuel / other liquid fuel stove,0,0,0
448c7bec-5270-49fe-b4eb-c02cd97f273d,LPG stove,0,0,0
448c7bec-5270-49fe-b4eb-c02cd97f273d,Other,0,0,0
448c7bec-5270-49fe-b4eb-c02cd97f273d,Solid-fuel stove,2,180,5000
45471f97-9308-4b92-a3d9-9de26a705e65,Biogas stove,0,0,0
45471f97-9308-4b92-a3d9-9de26a705e65,Electric cooking device,0,0,0
45471f97-9308-4b92-a3d9-9de26a705e65,Kerosene fuel / other liquid fuel stove,0,0,0
45471f97-9308-4b92-a3d9-9de26a705e65,LPG stove,0,0,0
45471f97-9308-4b92-a3d9-9de26a705e65,Other,0,0,0
45471f97-9308-4b92-a3d9-9de26a705e65,Solid-fuel stove,2,240,6000
4642a243-3ffe-4a1b-8707-a9bc4da65853,Biogas stove,0,0,0
4642a243-3ffe-4a1b-8707-a9bc4da65853,Electric cooking device,0,0,0
4642a243-3ffe-4a1b-8707-a9bc4da65853,Kerosene fuel / other liquid fuel stove,1,200,6000
4642a243-3ffe-4a1b-8707-a9bc4da65853,LPG stove,0,0,0
4642a243-3ffe-4a1b-8707-a9bc4da65853,Other,0,0,0
4642a243-3ffe-4a1b-8707-a9bc4da65853,Solid-fuel stove,0,0,0
46d7218a-8aea-4004-adee-96b876598f44,Biogas stove,0,0,0
46d7218a-8aea-4004-adee-96b876598f44,Electric cooking device,0,0,0
46d7218a-8aea-4004-adee-96b876598f44,Kerosene fuel / other liquid fuel stove,1,120,2500
46d7218a-8aea-4004-adee-96b876598f44,LPG stove,0,0,0
46d7218a-8aea-4004-adee-96b876598f44,Other,0,0,0
46d7218a-8aea-4004-adee-96b876598f44,Solid-fuel stove,0,0,0
46e03a64-704e-4707-82ad-6b680b230f02,Biogas stove,1,220,6000
46e03a64-704e-4707-82ad-6b680b230f02,Electric cooking device,0,0,0
46e03a64-704e-4707-82ad-6b680b230f02,Kerosene fuel / other liquid fuel stove,0,0,0
46e03a64-704e-4707-82ad-6b680b230f02,LPG stove,0,0,0
46e03a64-704e-4707-82ad-6b680b230f02,Other,0,0,0
46e03a64-704e-4707-82ad-6b680b230f02,Solid-fuel stove,0,0,0
47daecb4-506c-442b-a5ee-93ee138dc1a4,Biogas stove,0,0,0
47daecb4-506c-442b-a5ee-93ee138dc1a4,Electric cooking device,0,0,0
47daecb4-506c-442b-a5ee-93ee138dc1a4,Kerosene fuel / other liquid fuel stove,2,120,2500
47daecb4-506c-442b-a5ee-93ee138dc1a4,LPG stove,0,0,0
47daecb4-506c-442b-a5ee-93ee138dc1a4,Other,0,0,0
47daecb4-506c-442b-a5ee-93ee138dc1a4,Solid-fuel stove,0,0,0
48942da6-2263-497d-b95b-41467ab905eb,Biogas stove,0,0,0
48942da6-2263-497d-b95b-41467ab905eb,Electric cooking device,0,0,0
48942da6-2263-497d-b95b-41467ab905eb,Kerosene fuel / other liquid fuel stove,0,0,0
48942da6-2263-497d-b95b-41467ab905eb,LPG stove,0,0,0
48942da6-2263-497d-b95b-41467ab905eb,Other,0,0,0
48942da6-2263-497d-b95b-41467ab905eb,Solid-fuel stove,3,600,20000
4a42b5f3-b562-48fe-9cad-ec250590ce4c,Biogas stove,0,0,0
4a42b5f3-b562-48fe-9cad-ec250590ce4c,Electric cooking device,0,0,0
4a42b5f3-b562-48fe-9cad-ec250590ce4c,Kerosene fuel / other liquid fuel stove,0,0,0
4a42b5f3-b562-48fe-9cad-ec250590ce4c,LPG stove,2,180,4500
4a42b5f3-b562-48fe-9cad-ec250590ce4c,Other,0,0,0
4a42b5f3-b562-48fe-9cad-ec250590ce4c,Solid-fuel stove,1,240,6000
4bdb1bf7-de55-4262-9c9e-0113f86fb901,Biogas stove,1,200,50000
4bdb1bf7-de55-4262-9c9e-0113f86fb901,Electric cooking device,0,0,0
4bdb1bf7-de55-4262-9c9e-0113f86fb901,Kerosene fuel / other liquid fuel stove,1,260,3000
4bdb1bf7-de55-4262-9c9e-0113f86fb901,LPG stove,0,0,0
4bdb1bf7-de55-4262-9c9e-0113f86fb901,Other,0,0,0
4bdb1bf7-de55-4262-9c9e-0113f86fb901,Solid-fuel stove,0,0,0
4c3375ff-299c-456d-bee5-35a958422477,Biogas stove,1,80,12000
4c3375ff-299c-456d-bee5-35a958422477,Electric cooking device,0,0,0
4c3375ff-299c-456d-bee5-35a958422477,Kerosene fuel / other liquid fuel stove,0,0,0
4c3375ff-299c-456d-bee5-35a958422477,LPG stove,0,0,0
4c3375ff-299c-456d-bee5-35a958422477,Other,0,0,0
4c3375ff-299c-456d-bee5-35a958422477,Solid-fuel stove,0,0,0
4ddd456c-d466-4cbd-9510-411174644aa1,Biogas stove,0,0,0
4ddd456c-d466-4cbd-9510-411174644aa1,Electric cooking device,0,0,0
4ddd456c-d466-4cbd-9510-411174644aa1,Kerosene fuel / other liquid fuel stove,0,0,0
4ddd456c-d466-4cbd-9510-411174644aa1,LPG stove,1,300,6000
4ddd456c-d466-4cbd-9510-411174644aa1,Other,0,0,0
4ddd456c-d466-4cbd-9510-411174644aa1,Solid-fuel stove,0,0,0
4e73142f-c93f-4367-92a2-04d861c9207d,Biogas stove,0,0,0
4e73142f-c93f-4367-92a2-04d861c9207d,Electric cooking device,0,0,0
4e73142f-c93f-4367-92a2-04d861c9207d,Kerosene fuel / other liquid fuel stove,2,120,6000
4e73142f-c93f-4367-92a2-04d861c9207d,LPG stove,0,0,0
4e73142f-c93f-4367-92a2-04d861c9207d,Other,0,0,0
4e73142f-c93f-4367-92a2-04d861c9207d,Solid-fuel stove,0,0,0
527e5325-e02a-403c-be44-b0e8d9c8047b,Biogas stove,0,0,0
527e5325-e02a-403c-be44-b0e8d9c8047b,Electric cooking device,0,0,0
527e5325-e02a-403c-be44-b0e8d9c8047b,Kerosene fuel / other liquid fuel stove,0,0,0
527e5325-e02a-403c-be44-b0e8d9c8047b,LPG stove,1,120,3000
527e5325-e02a-403c-be44-b0e8d9c8047b,Other,0,0,0
527e5325-e02a-403c-be44-b0e8d9c8047b,Solid-fuel stove,0,0,0
52bf2204-046c-4860-aad8-8b0b1a804365,Biogas stove,0,0,0
52bf2204-046c-4860-aad8-8b0b1a804365,Electric cooking device,0,0,0
52bf2204-046c-4860-aad8-8b0b1a804365,Kerosene fuel / other liquid fuel stove,1,90,2500
52bf2204-046c-4860-aad8-8b0b1a804365,LPG stove,1,90,6000
52bf2204-046c-4860-aad8-8b0b1a804365,Other,0,0,0
52bf2204-046c-4860-aad8-8b0b1a804365,Solid-fuel stove,5,60,1800
5790cd07-9e3a-403b-8d18-c434a87963b9,Biogas stove,0,0,0
5790cd07-9e3a-403b-8d18-c434a87963b9,Electric cooking device,0,0,0
5790cd07-9e3a-403b-8d18-c434a87963b9,Kerosene fuel / other liquid fuel stove,0,0,0
5790cd07-9e3a-403b-8d18-c434a87963b9,LPG stove,1,140,4000
5790cd07-9e3a-403b-8d18-c434a87963b9,Other,0,0,0
5790cd07-9e3a-403b-8d18-c434a87963b9,Solid-fuel stove,0,0,0
580736ca-5bf9-4ccf-aa4b-db227997f86f,Biogas stove,0,0,0
580736ca-5bf9-4ccf-aa4b-db227997f86f,Electric cooking device,0,0,0
580736ca-5bf9-4ccf-aa4b-db227997f86f,Kerosene fuel / other liquid fuel stove,0,0,0
580736ca-5bf9-4ccf-aa4b-db227997f86f,LPG stove,1,135,4000
580736ca-5bf9-4ccf-aa4b-db227997f86f,Other,0,0,0
580736ca-5bf9-4ccf-aa4b-db227997f86f,Solid-fuel stove,2,180,6000
5816305e-612d-4787-a6c6-2b46c52c5b90,Biogas stove,0,0,0
5816305e-612d-4787-a6c6-2b46c52c5b90,Electric cooking device,0,0,0
5816305e-612d-4787-a6c6-2b46c52c5b90,Kerosene fuel / other liquid fuel stove,0,0,0
5816305e-612d-4787-a6c6-2b46c52c5b90,LPG stove,1,60,3000
5816305e-612d-4787-a6c6-2b46c52c5b90,Other,0,0,0
5816305e-612d-4787-a6c6-2b46c52c5b90,Solid-fuel stove,2,120,2000
5b2acd50-1295-40a7-8b1d-f08b2273d450,Biogas stove,0,0,0
5b2acd50-1295-40a7-8b1d-f08b2273d450,Electric cooking device,0,0,0
5b2acd50-1295-40a7-8b1d-f08b2273d450,Kerosene fuel / other liquid fuel stove,1,120,2000
5b2acd50-1295-40a7-8b1d-f08b2273d450,LPG stove,0,0,0
5b2acd50-1295-40a7-8b1d-f08b2273d450,Other,0,0,0
5b2acd50-1295-40a7-8b1d-f08b2273d450,Solid-fuel stove,0,0,0
5e684a24-b12a-43d6-8bc7-dba53b686fd2,Biogas stove,0,0,0
5e684a24-b12a-43d6-8bc7-dba53b686fd2,Electric cooking device,1,240,99
5e684a24-b12a-43d6-8bc7-dba53b686fd2,Kerosene fuel / other liquid fuel stove,0,0,0
5e684a24-b12a-43d6-8bc7-dba53b686fd2,LPG stove,0,0,0
5e684a24-b12a-43d6-8bc7-dba53b686fd2,Other,0,0,0
5e684a24-b12a-43d6-8bc7-dba53b686fd2,Solid-fuel stove,0,0,0
603ce098-c4c4-4168-af15-96a9f0c0e730,Biogas stove,0,0,0
603ce098-c4c4-4168-af15-96a9f0c0e730,Electric cooking device,0,0,0
603ce098-c4c4-4168-af15-96a9f0c0e730,Kerosene fuel / other liquid fuel stove,0,0,0
603ce098-c4c4-4168-af15-96a9f0c0e730,LPG stove,0,0,0
603ce098-c4c4-4168-af15-96a9f0c0e730,Other,0,0,0
603ce098-c4c4-4168-af15-96a9f0c0e730,Solid-fuel stove,2,8,2500
624a8bbd-0a93-453a-8bb2-ad35bc927dba,Biogas stove,0,0,0
624a8bbd-0a93-453a-8bb2-ad35bc927dba,Electric cooking device,1,45,99
624a8bbd-0a93-453a-8bb2-ad35bc927dba,Kerosene fuel / other liquid fuel stove,2,72,6400
624a8bbd-0a93-453a-8bb2-ad35bc927dba,LPG stove,2,60,13000
624a8bbd-0a93-453a-8bb2-ad35bc927dba,Other,0,0,0
624a8bbd-0a93-453a-8bb2-ad35bc927dba,Solid-fuel stove,0,0,0
6318bc5a-8175-4950-9d1a-3109021d983d,Biogas stove,0,0,0
6318bc5a-8175-4950-9d1a-3109021d983d,Electric cooking device,0,0,0
6318bc5a-8175-4950-9d1a-3109021d983d,Kerosene fuel / other liquid fuel stove,0,0,0
6318bc5a-8175-4950-9d1a-3109021d983d,LPG stove,2,230,15000
6318bc5a-8175-4950-9d1a-3109021d983d,Other,0,0,0
6318bc5a-8175-4950-9d1a-3109021d983d,Solid-fuel stove,0,0,0
6430dca2-aac6-41ff-bee2-733744970891,Biogas stove,0,0,0
6430dca2-aac6-41ff-bee2-733744970891,Electric cooking device,0,0,0
6430dca2-aac6-41ff-bee2-733744970891,Kerosene fuel / other liquid fuel stove,1,400,2500
6430dca2-aac6-41ff-bee2-733744970891,LPG stove,0,0,0
6430dca2-aac6-41ff-bee2-733744970891,Other,0,0,0
6430dca2-aac6-41ff-bee2-733744970891,Solid-fuel stove,0,0,0
64d1fa4b-001b-4255-8e98-74f35c799ca7,Biogas stove,0,0,0
64d1fa4b-001b-4255-8e98-74f35c799ca7,Electric cooking device,0,0,0
64d1fa4b-001b-4255-8e98-74f35c799ca7,Kerosene fuel / other liquid fuel stove,0,0,0
64d1fa4b-001b-4255-8e98-74f35c799ca7,LPG stove,1,200,6000
64d1fa4b-001b-4255-8e98-74f35c799ca7,Other,0,0,0
64d1fa4b-001b-4255-8e98-74f35c799ca7,Solid-fuel stove,3,160,5000
6502bdb4-0beb-4ef8-b55c-5f9c46cb2c40,Biogas stove,0,0,0
6502bdb4-0beb-4ef8-b55c-5f9c46cb2c40,Electric cooking device,0,0,0
6502bdb4-0beb-4ef8-b55c-5f9c46cb2c40,Kerosene fuel / other liquid fuel stove,0,0,0
6502bdb4-0beb-4ef8-b55c-5f9c46cb2c40,LPG stove,1,240,6500
6502bdb4-0beb-4ef8-b55c-5f9c46cb2c40,Other,0,0,0
6502bdb4-0beb-4ef8-b55c-5f9c46cb2c40,Solid-fuel stove,0,0,0
65154a55-237a-4d0c-a7cd-bfca4ce8174a,Biogas stove,0,0,0
65154a55-237a-4d0c-a7cd-bfca4ce8174a,Electric cooking device,0,0,0
65154a55-237a-4d0c-a7cd-bfca4ce8174a,Kerosene fuel / other liquid fuel stove,0,0,0
65154a55-237a-4d0c-a7cd-bfca4ce8174a,LPG stove,1,60,3500
65154a55-237a-4d0c-a7cd-bfca4ce8174a,Other,0,0,0
65154a55-237a-4d0c-a7cd-bfca4ce8174a,Solid-fuel stove,1,60,3000
6536e5d1-838c-46c0-a5db-340dce8a7a05,Biogas stove,0,0,0
6536e5d1-838c-46c0-a5db-340dce8a7a05,Electric cooking device,0,0,0
6536e5d1-838c-46c0-a5db-340dce8a7a05,Kerosene fuel / other liquid fuel stove,0,0,0
6536e5d1-838c-46c0-a5db-340dce8a7a05,LPG stove,1,90,2000
6536e5d1-838c-46c0-a5db-340dce8a7a05,Other,0,0,0
6536e5d1-838c-46c0-a5db-340dce8a7a05,Solid-fuel stove,0,0,0
67002384-3589-41dd-8871-5c9c1d8eeabd,Biogas stove,0,0,0
67002384-3589-41dd-8871-5c9c1d8eeabd,Electric cooking device,0,0,0
67002384-3589-41dd-8871-5c9c1d8eeabd,Kerosene fuel / other liquid fuel stove,0,0,0
67002384-3589-41dd-8871-5c9c1d8eeabd,LPG stove,3,480,15000
67002384-3589-41dd-8871-5c9c1d8eeabd,Other,0,0,0
67002384-3589-41dd-8871-5c9c1d8eeabd,Solid-fuel stove,0,0,0
696e7d10-7bee-411c-b5e2-aaef5eac4d19,Biogas stove,0,0,0
696e7d10-7bee-411c-b5e2-aaef5eac4d19,Electric cooking device,0,0,0
696e7d10-7bee-411c-b5e2-aaef5eac4d19,Kerosene fuel / other liquid fuel stove,0,0,0
696e7d10-7bee-411c-b5e2-aaef5eac4d19,LPG stove,0,0,0
696e7d10-7bee-411c-b5e2-aaef5eac4d19,Other,0,0,0
696e7d10-7bee-411c-b5e2-aaef5eac4d19,Solid-fuel stove,1,60,3000
69b2f5e6-4319-4b54-aea9-1284ce821957,Biogas stove,0,0,0
69b2f5e6-4319-4b54-aea9-1284ce821957,Electric cooking device,0,0,0
69b2f5e6-4319-4b54-aea9-1284ce821957,Kerosene fuel / other liquid fuel stove,0,0,0
69b2f5e6-4319-4b54-aea9-1284ce821957,LPG stove,1,140,4000
69b2f5e6-4319-4b54-aea9-1284ce821957,Other,0,0,0
69b2f5e6-4319-4b54-aea9-1284ce821957,Solid-fuel stove,0,0,0
6c1e873a-7584-4f57-8cb2-0a63aed69893,Biogas stove,0,0,0
6c1e873a-7584-4f57-8cb2-0a63aed69893,Electric cooking device,0,0,0
6c1e873a-7584-4f57-8cb2-0a63aed69893,Kerosene fuel / other liquid fuel stove,0,0,0
6c1e873a-7584-4f57-8cb2-0a63aed69893,LPG stove,0,0,0
6c1e873a-7584-4f57-8cb2-0a63aed69893,Other,0,0,0
6c1e873a-7584-4f57-8cb2-0a63aed69893,Solid-fuel stove,1,240,1600
6d5fe329-e9bd-4f3a-93d8-dc51e6ccbe89,Biogas stove,0,0,0
6d5fe329-e9bd-4f3a-93d8-dc51e6ccbe89,Electric cooking device,0,0,0
6d5fe329-e9bd-4f3a-93d8-dc51e6ccbe89,Kerosene fuel / other liquid fuel stove,0,0,0
6d5fe329-e9bd-4f3a-93d8-dc51e6ccbe89,LPG stove,1,180,3900
6d5fe329-e9bd-4f3a-93d8-dc51e6ccbe89,Other,0,0,0
6d5fe329-e9bd-4f3a-93d8-dc51e6ccbe89,Solid-fuel stove,0,0,0
6e7e3be1-726a-402a-b62e-8ff7a434e08c,Biogas stove,0,0,0
6e7e3be1-726a-402a-b62e-8ff7a434e08c,Electric cooking device,0,0,0
6e7e3be1-726a-402a-b62e-8ff7a434e08c,Kerosene fuel / other liquid fuel stove,1,20,1450
6e7e3be1-726a-402a-b62e-8ff7a434e08c,LPG stove,0,0,0
6e7e3be1-726a-402a-b62e-8ff7a434e08c,Other,0,0,0
6e7e3be1-726a-402a-b62e-8ff7a434e08c,Solid-fuel stove,0,0,0
704843e8-4d88-4d0a-9720-4c43ae39bea1,Biogas stove,0,0,0
704843e8-4d88-4d0a-9720-4c43ae39bea1,Electric cooking device,0,0,0
704843e8-4d88-4d0a-9720-4c43ae39bea1,Kerosene fuel / other liquid fuel stove,0,0,0
704843e8-4d88-4d0a-9720-4c43ae39bea1,LPG stove,1,80,3200
704843e8-4d88-4d0a-9720-4c43ae39bea1,Other,0,0,0
704843e8-4d88-4d0a-9720-4c43ae39bea1,Solid-fuel stove,0,0,0
732b2364-9eac-46f5-8502-218e42f0d4a9,Biogas stove,0,0,0
732b2364-9eac-46f5-8502-218e42f0d4a9,Electric cooking device,0,0,0
732b2364-9eac-46f5-8502-218e42f0d4a9,Kerosene fuel / other liquid fuel stove,0,0,0
732b2364-9eac-46f5-8502-218e42f0d4a9,LPG stove,1,180,7000
732b2364-9eac-46f5-8502-218e42f0d4a9,Other,0,0,0
732b2364-9eac-46f5-8502-218e42f0d4a9,Solid-fuel stove,0,0,0
73ec922d-193e-4af6-998e-3ac86cf726e1,Biogas stove,0,0,0
73ec922d-193e-4af6-998e-3ac86cf726e1,Electric cooking device,0,0,0
73ec922d-193e-4af6-998e-3ac86cf726e1,Kerosene fuel / other liquid fuel stove,0,0,0
73ec922d-193e-4af6-998e-3ac86cf726e1,LPG stove,2,240,36000
73ec922d-193e-4af6-998e-3ac86cf726e1,Other,0,0,0
73ec922d-193e-4af6-998e-3ac86cf726e1,Solid-fuel stove,1,90,25000
75be3478-87a2-452f-8496-4545bb85e9be,Biogas stove,0,0,0
75be3478-87a2-452f-8496-4545bb85e9be,Electric cooking device,0,0,0
75be3478-87a2-452f-8496-4545bb85e9be,Kerosene fuel / other liquid fuel stove,0,0,0
75be3478-87a2-452f-8496-4545bb85e9be,LPG stove,1,180,6500
75be3478-87a2-452f-8496-4545bb85e9be,Other,4,300,5000
75be3478-87a2-452f-8496-4545bb85e9be,Solid-fuel stove,0,0,0
76141abe-b12e-4fde-9524-4cabdacb66f2,Biogas stove,0,0,0
76141abe-b12e-4fde-9524-4cabdacb66f2,Electric cooking device,0,0,0
76141abe-b12e-4fde-9524-4cabdacb66f2,Kerosene fuel / other liquid fuel stove,0,0,0
76141abe-b12e-4fde-9524-4cabdacb66f2,LPG stove,1,180,3000
76141abe-b12e-4fde-9524-4cabdacb66f2,Other,0,0,0
76141abe-b12e-4fde-9524-4cabdacb66f2,Solid-fuel stove,0,0,0
764525ac-5bdd-418d-99d7-9527df4bb47e,Biogas stove,0,0,0
764525ac-5bdd-418d-99d7-9527df4bb47e,Electric cooking device,0,0,0
764525ac-5bdd-418d-99d7-9527df4bb47e,Kerosene fuel / other liquid fuel stove,0,0,0
764525ac-5bdd-418d-99d7-9527df4bb47e,LPG stove,0,0,0
764525ac-5bdd-418d-99d7-9527df4bb47e,Other,0,0,0
764525ac-5bdd-418d-99d7-9527df4bb47e,Solid-fuel stove,2,230,5500
76ff7ffc-a5a5-4cc0-b5e1-616d7d7b37bf,Biogas stove,0,0,0
76ff7ffc-a5a5-4cc0-b5e1-616d7d7b37bf,Electric cooking device,0,0,0
76ff7ffc-a5a5-4cc0-b5e1-616d7d7b37bf,Kerosene fuel / other liquid fuel stove,0,0,0
76ff7ffc-a5a5-4cc0-b5e1-616d7d7b37bf,LPG stove,1,45,2000
76ff7ffc-a5a5-4cc0-b5e1-616d7d7b37bf,Other,0,0,0
76ff7ffc-a5a5-4cc0-b5e1-616d7d7b37bf,Solid-fuel stove,0,0,0
77f6feb5-507e-4ef7-a022-bdd2d85ef5f6,Biogas stove,0,0,0
77f6feb5-507e-4ef7-a022-bdd2d85ef5f6,Electric cooking device,0,0,0
77f6feb5-507e-4ef7-a022-bdd2d85ef5f6,Kerosene fuel / other liquid fuel stove,0,0,0
77f6feb5-507e-4ef7-a022-bdd2d85ef5f6,LPG stove,3,180,10000
77f6feb5-507e-4ef7-a022-bdd2d85ef5f6,Other,0,0,0
77f6feb5-507e-4ef7-a022-bdd2d85ef5f6,Solid-fuel stove,0,0,0
796278d3-25f4-4cb0-89fb-892b845b0138,Biogas stove,0,0,0
796278d3-25f4-4cb0-89fb-892b845b0138,Electric cooking device,0,0,0
796278d3-25f4-4cb0-89fb-892b845b0138,Kerosene fuel / other liquid fuel stove,1,120,2000
796278d3-25f4-4cb0-89fb-892b845b0138,LPG stove,0,0,0
796278d3-25f4-4cb0-89fb-892b845b0138,Other,0,0,0
796278d3-25f4-4cb0-89fb-892b845b0138,Solid-fuel stove,0,0,0
79e4b200-0d5e-416f-9bae-c7ab6d9e869b,Biogas stove,0,0,0
79e4b200-0d5e-416f-9bae-c7ab6d9e869b,Electric cooking device,0,0,0
79e4b200-0d5e-416f-9bae-c7ab6d9e869b,Kerosene fuel / other liquid fuel stove,1,180,2000
79e4b200-0d5e-416f-9bae-c7ab6d9e869b,LPG stove,0,0,0
79e4b200-0d5e-416f-9bae-c7ab6d9e869b,Other,0,0,0
79e4b200-0d5e-416f-9bae-c7ab6d9e869b,Solid-fuel stove,0,0,0
7c6c5eb4-d51b-4672-bfa2-bb232199f59f,Biogas stove,0,0,0
7c6c5eb4-d51b-4672-bfa2-bb232199f59f,Electric cooking device,0,0,0
7c6c5eb4-d51b-4672-bfa2-bb232199f59f,Kerosene fuel / other liquid fuel stove,1,200,5000
7c6c5eb4-d51b-4672-bfa2-bb232199f59f,LPG stove,0,0,0
7c6c5eb4-d51b-4672-bfa2-bb232199f59f,Other,0,0,0
7c6c5eb4-d51b-4672-bfa2-bb232199f59f,Solid-fuel stove,0,0,0
7d592412-4a52-4ce4-bf91-7b7c37788a21,Biogas stove,0,0,0
7d592412-4a52-4ce4-bf91-7b7c37788a21,Electric cooking device,0,0,0
7d592412-4a52-4ce4-bf91-7b7c37788a21,Kerosene fuel / other liquid fuel stove,0,0,0
7d592412-4a52-4ce4-bf91-7b7c37788a21,LPG stove,1,120,3500
7d592412-4a52-4ce4-bf91-7b7c37788a21,Other,0,0,0
7d592412-4a52-4ce4-bf91-7b7c37788a21,Solid-fuel stove,0,0,0
7e5d1c6a-f126-4949-ab1f-fae73f57db45,Biogas stove,0,0,0
7e5d1c6a-f126-4949-ab1f-fae73f57db45,Electric cooking device,0,0,0
7e5d1c6a-f126-4949-ab1f-fae73f57db45,Kerosene fuel / other liquid fuel stove,0,0,0
7e5d1c6a-f126-4949-ab1f-fae73f57db45,LPG stove,1,180,6500
7e5d1c6a-f126-4949-ab1f-fae73f57db45,Other,0,0,0
7e5d1c6a-f126-4949-ab1f-fae73f57db45,Solid-fuel stove,0,0,0
7e6352e0-79dd-4b4b-a064-7748d654c784,Biogas stove,0,0,0
7e6352e0-79dd-4b4b-a064-7748d654c784,Electric cooking device,0,0,0
7e6352e0-79dd-4b4b-a064-7748d654c784,Kerosene fuel / other liquid fuel stove,0,0,0
7e6352e0-79dd-4b4b-a064-7748d654c784,LPG stove,3,460,15000
7e6352e0-79dd-4b4b-a064-7748d654c784,Other,0,0,0
7e6352e0-79dd-4b4b-a064-7748d654c784,Solid-fuel stove,0,0,0
811def8e-b702-45ef-9197-be4e69538777,Biogas stove,0,0,0
811def8e-b702-45ef-9197-be4e69538777,Electric cooking device,0,0,0
811def8e-b702-45ef-9197-be4e69538777,Kerosene fuel / other liquid fuel stove,0,0,0
811def8e-b702-45ef-9197-be4e69538777,LPG stove,0,0,0
811def8e-b702-45ef-9197-be4e69538777,Other,0,0,0
811def8e-b702-45ef-9197-be4e69538777,Solid-fuel stove,3,360,10000
86d86e85-1514-4ec7-a2d9-225eff2f1596,Biogas stove,0,0,0
86d86e85-1514-4ec7-a2d9-225eff2f1596,Electric cooking device,0,0,0
86d86e85-1514-4ec7-a2d9-225eff2f1596,Kerosene fuel / other liquid fuel stove,0,0,0
86d86e85-1514-4ec7-a2d9-225eff2f1596,LPG stove,1,180,5000
86d86e85-1514-4ec7-a2d9-225eff2f1596,Other,3,180,1500
86d86e85-1514-4ec7-a2d9-225eff2f1596,Solid-fuel stove,0,0,0
8769ebb4-9930-426a-a43c-3f1f1b5a8631,Biogas stove,0,0,0
8769ebb4-9930-426a-a43c-3f1f1b5a8631,Electric cooking device,0,0,0
8769ebb4-9930-426a-a43c-3f1f1b5a8631,Kerosene fuel / other liquid fuel stove,1,50,1300
8769ebb4-9930-426a-a43c-3f1f1b5a8631,LPG stove,0,0,0
8769ebb4-9930-426a-a43c-3f1f1b5a8631,Other,0,0,0
8769ebb4-9930-426a-a43c-3f1f1b5a8631,Solid-fuel stove,0,0,0
891de49f-c008-4d6f-b7b8-f79415e7e761,Biogas stove,0,0,0
891de49f-c008-4d6f-b7b8-f79415e7e761,Electric cooking device,0,0,0
891de49f-c008-4d6f-b7b8-f79415e7e761,Kerosene fuel / other liquid fuel stove,1,60,2000
891de49f-c008-4d6f-b7b8-f79415e7e761,LPG stove,0,0,0
891de49f-c008-4d6f-b7b8-f79415e7e761,Other,0,0,0
891de49f-c008-4d6f-b7b8-f79415e7e761,Solid-fuel stove,0,0,0
8bcdf31b-fa7a-4fbc-80bf-5a3536ad9e19,Biogas stove,0,0,0
8bcdf31b-fa7a-4fbc-80bf-5a3536ad9e19,Electric cooking device,1,240,99
8bcdf31b-fa7a-4fbc-80bf-5a3536ad9e19,Kerosene fuel / other liquid fuel stove,0,0,0
8bcdf31b-fa7a-4fbc-80bf-5a3536ad9e19,LPG stove,0,0,0
8bcdf31b-fa7a-4fbc-80bf-5a3536ad9e19,Other,0,0,0
8bcdf31b-fa7a-4fbc-80bf-5a3536ad9e19,Solid-fuel stove,0,0,0
8c1902e8-94f1-4d6d-a603-7153574deaa4,Biogas stove,0,0,0
8c1902e8-94f1-4d6d-a603-7153574deaa4,Electric cooking device,0,0,0
8c1902e8-94f1-4d6d-a603-7153574deaa4,Kerosene fuel / other liquid fuel stove,0,0,0
8c1902e8-94f1-4d6d-a603-7153574deaa4,LPG stove,0,0,0
8c1902e8-94f1-4d6d-a603-7153574deaa4,Other,0,0,0
8c1902e8-94f1-4d6d-a603-7153574deaa4,Solid-fuel stove,1,780,10000
8ca32eb4-d746-4a8e-be7a-0bea1797229d,Biogas stove,0,0,0
8ca32eb4-d746-4a8e-be7a-0bea1797229d,Electric cooking device,0,0,0
8ca32eb4-d746-4a8e-be7a-0bea1797229d,Kerosene fuel / other liquid fuel stove,0,0,0
8ca32eb4-d746-4a8e-be7a-0bea1797229d,LPG stove,1,30,1500
8ca32eb4-d746-4a8e-be7a-0bea1797229d,Other,0,0,0
8ca32eb4-d746-4a8e-be7a-0bea1797229d,Solid-fuel stove,1,60,3000
8f48fbb0-218d-4510-a71e-93682cc8bdc6,Biogas stove,0,0,0
8f48fbb0-218d-4510-a71e-93682cc8bdc6,Electric cooking device,1,60,3000
8f48fbb0-218d-4510-a71e-93682cc8bdc6,Kerosene fuel / other liquid fuel stove,0,0,0
8f48fbb0-218d-4510-a71e-93682cc8bdc6,LPG stove,0,0,0
8f48fbb0-218d-4510-a71e-93682cc8bdc6,Other,0,0,0
8f48fbb0-218d-4510-a71e-93682cc8bdc6,Solid-fuel stove,0,0,0
90d0b502-dc1a-4ccf-864f-3036dbd32429,Biogas stove,0,0,0
90d0b502-dc1a-4ccf-864f-3036dbd32429,Electric cooking device,0,0,0
90d0b502-dc1a-4ccf-864f-3036dbd32429,Kerosene fuel / other liquid fuel stove,0,0,0
90d0b502-dc1a-4ccf-864f-3036dbd32429,LPG stove,1,300,6000
90d0b502-dc1a-4ccf-864f-3036dbd32429,Other,0,0,0
90d0b502-dc1a-4ccf-864f-3036dbd32429,Solid-fuel stove,0,0,0
9108e454-f6bc-46d8-b715-9cb395519e55,Biogas stove,0,0,0
9108e454-f6bc-46d8-b715-9cb395519e55,Electric cooking device,0,0,0
9108e454-f6bc-46d8-b715-9cb395519e55,Kerosene fuel / other liquid fuel stove,0,0,0
9108e454-f6bc-46d8-b715-9cb395519e55,LPG stove,0,0,0
9108e454-f6bc-46d8-b715-9cb395519e55,Other,0,0,0
9108e454-f6bc-46d8-b715-9cb395519e55,Solid-fuel stove,3,210,9000
9130b131-e89c-4437-9dde-42a102fe2308,Biogas stove,0,0,0
9130b131-e89c-4437-9dde-42a102fe2308,Electric cooking device,1,40,0
9130b131-e89c-4437-9dde-42a102fe2308,Kerosene fuel / other liquid fuel stove,0,0,0
9130b131-e89c-4437-9dde-42a102fe2308,LPG stove,1,240,12000
9130b131-e89c-4437-9dde-42a102fe2308,Other,0,0,0
9130b131-e89c-4437-9dde-42a102fe2308,Solid-fuel stove,0,0,0
93330454-9c29-43ff-bc6c-a09284075372,Biogas stove,0,0,0
93330454-9c29-43ff-bc6c-a09284075372,Electric cooking device,0,0,0
93330454-9c29-43ff-bc6c-a09284075372,Kerosene fuel / other liquid fuel stove,1,90,1200
93330454-9c29-43ff-bc6c-a09284075372,LPG stove,1,240,4800
93330454-9c29-43ff-bc6c-a09284075372,Other,0,0,0
93330454-9c29-43ff-bc6c-a09284075372,Solid-fuel stove,0,0,0
97948f77-328a-419e-8c62-603da589f05a,Biogas stove,0,0,0
97948f77-328a-419e-8c62-603da589f05a,Electric cooking device,0,0,0
97948f77-328a-419e-8c62-603da589f05a,Kerosene fuel / other liquid fuel stove,0,0,0
97948f77-328a-419e-8c62-603da589f05a,LPG stove,1,140,4500
97948f77-328a-419e-8c62-603da589f05a,Other,0,0,0
97948f77-328a-419e-8c62-603da589f05a,Solid-fuel stove,0,0,0
97a85a61-8fe1-4ffc-b961-f60c23300c22,Biogas stove,0,0,0
97a85a61-8fe1-4ffc-b961-f60c23300c22,Electric cooking device,0,0,0
97a85a61-8fe1-4ffc-b961-f60c23300c22,Kerosene fuel / other liquid fuel stove,0,0,0
97a85a61-8fe1-4ffc-b961-f60c23300c22,LPG stove,0,0,0
97a85a61-8fe1-4ffc-b961-f60c23300c22,Other,0,0,0
97a85a61-8fe1-4ffc-b961-f60c23300c22,Solid-fuel stove,2,180,6000
97b78374-242c-456b-9691-c7f169bf445b,Biogas stove,0,0,0
97b78374-242c-456b-9691-c7f169bf445b,Electric cooking device,0,0,0
97b78374-242c-456b-9691-c7f169bf445b,Kerosene fuel / other liquid fuel stove,0,0,0
97b78374-242c-456b-9691-c7f169bf445b,LPG stove,1,400,6000
97b78374-242c-456b-9691-c7f169bf445b,Other,0,0,0
97b78374-242c-456b-9691-c7f169bf445b,Solid-fuel stove,0,0,0
9a98b4d3-3f59-43e6-b9d1-79e18edb273a,Biogas stove,0,0,0
9a98b4d3-3f59-43e6-b9d1-79e18edb273a,Electric cooking device,0,0,0
9a98b4d3-3f59-43e6-b9d1-79e18edb273a,Kerosene fuel / other liquid fuel stove,0,0,0
9a98b4d3-3f59-43e6-b9d1-79e18edb273a,LPG stove,1,300,12000
9a98b4d3-3f59-43e6-b9d1-79e18edb273a,Other,0,0,0
9a98b4d3-3f59-43e6-b9d1-79e18edb273a,Solid-fuel stove,0,0,0
9ccfecb1-b01c-4e98-8710-491c13e37c71,Biogas stove,0,0,0
9ccfecb1-b01c-4e98-8710-491c13e37c71,Electric cooking device,1,240,99
9ccfecb1-b01c-4e98-8710-491c13e37c71,Kerosene fuel / other liquid fuel stove,0,0,0
9ccfecb1-b01c-4e98-8710-491c13e37c71,LPG stove,0,0,0
9ccfecb1-b01c-4e98-8710-491c13e37c71,Other,0,0,0
9ccfecb1-b01c-4e98-8710-491c13e37c71,Solid-fuel stove,0,0,0
9f09d14a-1050-46bc-94c0-22fe632a378d,Biogas stove,0,0,0
9f09d14a-1050-46bc-94c0-22fe632a378d,Electric cooking device,0,0,0
9f09d14a-1050-46bc-94c0-22fe632a378d,Kerosene fuel / other liquid fuel stove,0,0,0
9f09d14a-1050-46bc-94c0-22fe632a378d,LPG stove,1,60,2400
9f09d14a-1050-46bc-94c0-22fe632a378d,Other,0,0,0
9f09d14a-1050-46bc-94c0-22fe632a378d,Solid-fuel stove,0,0,0
a30ae354-6e4e-4c11-b23e-b8ddbc2e20f4,Biogas stove,0,0,0
a30ae354-6e4e-4c11-b23e-b8ddbc2e20f4,Electric cooking device,0,0,0
a30ae354-6e4e-4c11-b23e-b8ddbc2e20f4,Kerosene fuel / other liquid fuel stove,1,30,2000
a30ae354-6e4e-4c11-b23e-b8ddbc2e20f4,LPG stove,0,0,0
a30ae354-6e4e-4c11-b23e-b8ddbc2e20f4,Other,0,0,0
a30ae354-6e4e-4c11-b23e-b8ddbc2e20f4,Solid-fuel stove,0,0,0
a355ed9f-5846-4fb5-9ae8-87b2ef6df1bd,Biogas stove,1,90,5500
a355ed9f-5846-4fb5-9ae8-87b2ef6df1bd,Electric cooking device,0,0,0
a355ed9f-5846-4fb5-9ae8-87b2ef6df1bd,Kerosene fuel / other liquid fuel stove,0,0,0
a355ed9f-5846-4fb5-9ae8-87b2ef6df1bd,LPG stove,0,0,0
a355ed9f-5846-4fb5-9ae8-87b2ef6df1bd,Other,0,0,0
a355ed9f-5846-4fb5-9ae8-87b2ef6df1bd,Solid-fuel stove,2,120,4000
a58ab4b6-9124-40d9-b93c-d7e49984da2e,Biogas stove,0,0,0
a58ab4b6-9124-40d9-b93c-d7e49984da2e,Electric cooking device,0,0,0
a58ab4b6-9124-40d9-b93c-d7e49984da2e,Kerosene fuel / other liquid fuel stove,0,0,0
a58ab4b6-9124-40d9-b93c-d7e49984da2e,LPG stove,0,0,0
a58ab4b6-9124-40d9-b93c-d7e49984da2e,Other,3,160,3000
a58ab4b6-9124-40d9-b93c-d7e49984da2e,Solid-fuel stove,0,0,0
a740936b-9e57-426c-96e3-ff9f8e54f186,Biogas stove,0,0,0
a740936b-9e57-426c-96e3-ff9f8e54f186,Electric cooking device,0,0,0
a740936b-9e57-426c-96e3-ff9f8e54f186,Kerosene fuel / other liquid fuel stove,0,0,0
a740936b-9e57-426c-96e3-ff9f8e54f186,LPG stove,1,120,4000
a740936b-9e57-426c-96e3-ff9f8e54f186,Other,3,300,1500
a740936b-9e57-426c-96e3-ff9f8e54f186,Solid-fuel stove,0,0,0
a98f2345-3674-4d2b-a8f2-36c57caf488c,Biogas stove,0,0,0
a98f2345-3674-4d2b-a8f2-36c57caf488c,Electric cooking device,0,0,0
a98f2345-3674-4d2b-a8f2-36c57caf488c,Kerosene fuel / other liquid fuel stove,0,0,0
a98f2345-3674-4d2b-a8f2-36c57caf488c,LPG stove,0,0,0
a98f2345-3674-4d2b-a8f2-36c57caf488c,Other,0,0,0
a98f2345-3674-4d2b-a8f2-36c57caf488c,Solid-fuel stove,1,360,3000
abe2395a-1a96-4cc4-bc84-0205e95d52df,Biogas stove,0,0,0
abe2395a-1a96-4cc4-bc84-0205e95d52df,Electric cooking device,0,0,0
abe2395a-1a96-4cc4-bc84-0205e95d52df,Kerosene fuel / other liquid fuel stove,0,0,0
abe2395a-1a96-4cc4-bc84-0205e95d52df,LPG stove,1,60,2500
abe2395a-1a96-4cc4-bc84-0205e95d52df,Other,0,0,0
abe2395a-1a96-4cc4-bc84-0205e95d52df,Solid-fuel stove,0,0,0
ae64be1b-3eff-43d5-818b-8c683548ee11,Biogas stove,0,0,0
ae64be1b-3eff-43d5-818b-8c683548ee11,Electric cooking device,0,0,0
ae64be1b-3eff-43d5-818b-8c683548ee11,Kerosene fuel / other liquid fuel stove,0,0,0
ae64be1b-3eff-43d5-818b-8c683548ee11,LPG stove,1,180,6500
ae64be1b-3eff-43d5-818b-8c683548ee11,Other,0,0,0
ae64be1b-3eff-43d5-818b-8c683548ee11,Solid-fuel stove,0,0,0
b03c5f55-9d54-4ee7-8915-4c7f2f57f420,Biogas stove,0,0,0
b03c5f55-9d54-4ee7-8915-4c7f2f57f420,Electric cooking device,0,0,0
b03c5f55-9d54-4ee7-8915-4c7f2f57f420,Kerosene fuel / other liquid fuel stove,0,0,0
b03c5f55-9d54-4ee7-8915-4c7f2f57f420,LPG stove,0,0,0
b03c5f55-9d54-4ee7-8915-4c7f2f57f420,Other,0,0,0
b03c5f55-9d54-4ee7-8915-4c7f2f57f420,Solid-fuel stove,1,180,1500
b280fbaa-0ed9-41ec-ab6c-9ad752757f3b,Biogas stove,0,0,0
b280fbaa-0ed9-41ec-ab6c-9ad752757f3b,Electric cooking device,0,0,0
b280fbaa-0ed9-41ec-ab6c-9ad752757f3b,Kerosene fuel / other liquid fuel stove,0,0,0
b280fbaa-0ed9-41ec-ab6c-9ad752757f3b,LPG stove,1,360,6000
b280fbaa-0ed9-41ec-ab6c-9ad752757f3b,Other,0,0,0
b280fbaa-0ed9-41ec-ab6c-9ad752757f3b,Solid-fuel stove,0,0,0
b28d376c-4d34-4712-b0dc-cd4a33ce74be,Biogas stove,0,0,0
b28d376c-4d34-4712-b0dc-cd4a33ce74be,Electric cooking device,0,0,0
b28d376c-4d34-4712-b0dc-cd4a33ce74be,Kerosene fuel / other liquid fuel stove,0,0,0
b28d376c-4d34-4712-b0dc-cd4a33ce74be,LPG stove,2,700,1200
b28d376c-4d34-4712-b0dc-cd4a33ce74be,Other,0,0,0
b28d376c-4d34-4712-b0dc-cd4a33ce74be,Solid-fuel stove,1,240,6000
b2cd6fc3-963b-4c28-8483-bf1f115e0b5d,Biogas stove,0,0,0
b2cd6fc3-963b-4c28-8483-bf1f115e0b5d,Electric cooking device,0,0,0
b2cd6fc3-963b-4c28-8483-bf1f115e0b5d,Kerosene fuel / other liquid fuel stove,0,0,0
b2cd6fc3-963b-4c28-8483-bf1f115e0b5d,LPG stove,0,0,0
b2cd6fc3-963b-4c28-8483-bf1f115e0b5d,Other,0,0,0
b2cd6fc3-963b-4c28-8483-bf1f115e0b5d,Solid-fuel stove,2,540,13000
b65a4c87-f769-479f-9251-e3e70e40520d,Biogas stove,0,0,0
b65a4c87-f769-479f-9251-e3e70e40520d,Electric cooking device,0,0,0
b65a4c87-f769-479f-9251-e3e70e40520d,Kerosene fuel / other liquid fuel stove,1,90,2000
b65a4c87-f769-479f-9251-e3e70e40520d,LPG stove,0,0,0
b65a4c87-f769-479f-9251-e3e70e40520d,Other,0,0,0
b65a4c87-f769-479f-9251-e3e70e40520d,Solid-fuel stove,0,0,0
b72c7e52-a645-4a96-a84e-17d49156ca17,Biogas stove,0,0,0
b72c7e52-a645-4a96-a84e-17d49156ca17,Electric cooking device,0,0,0
b72c7e52-a645-4a96-a84e-17d49156ca17,Kerosene fuel / other liquid fuel stove,0,0,0
b72c7e52-a645-4a96-a84e-17d49156ca17,LPG stove,1,240,13000
b72c7e52-a645-4a96-a84e-17d49156ca17,Other,0,0,0
b72c7e52-a645-4a96-a84e-17d49156ca17,Solid-fuel stove,1,180,6000
b7580b39-4e5b-4c51-ab93-f878dab654c7,Biogas stove,0,0,0
b7580b39-4e5b-4c51-ab93-f878dab654c7,Electric cooking device,0,0,0
b7580b39-4e5b-4c51-ab93-f878dab654c7,Kerosene fuel / other liquid fuel stove,0,0,0
b7580b39-4e5b-4c51-ab93-f878dab654c7,LPG stove,2,300,5000
b7580b39-4e5b-4c51-ab93-f878dab654c7,Other,0,0,0
b7580b39-4e5b-4c51-ab93-f878dab654c7,Solid-fuel stove,1,420,1500
ba5b5473-4da0-483f-875c-6ee70d948b45,Biogas stove,1,45,37000
ba5b5473-4da0-483f-875c-6ee70d948b45,Electric cooking device,0,0,0
ba5b5473-4da0-483f-875c-6ee70d948b45,Kerosene fuel / other liquid fuel stove,0,0,0
ba5b5473-4da0-483f-875c-6ee70d948b45,LPG stove,0,0,0
ba5b5473-4da0-483f-875c-6ee70d948b45,Other,0,0,0
ba5b5473-4da0-483f-875c-6ee70d948b45,Solid-fuel stove,0,0,0
bba16014-5faa-486a-a6bf-c120e97eef54,Biogas stove,0,0,0
bba16014-5faa-486a-a6bf-c120e97eef54,Electric cooking device,0,0,0
bba16014-5faa-486a-a6bf-c120e97eef54,Kerosene fuel / other liquid fuel stove,1,180,4000
bba16014-5faa-486a-a6bf-c120e97eef54,LPG stove,0,0,0
bba16014-5faa-486a-a6bf-c120e97eef54,Other,0,0,0
bba16014-5faa-486a-a6bf-c120e97eef54,Solid-fuel stove,0,0,0
bc826199-4d5d-4e44-bdf0-09b81cc3bdf1,Biogas stove,0,0,0
bc826199-4d5d-4e44-bdf0-09b81cc3bdf1,Electric cooking device,0,0,0
bc826199-4d5d-4e44-bdf0-09b81cc3bdf1,Kerosene fuel / other liquid fuel stove,2,360,2500
bc826199-4d5d-4e44-bdf0-09b81cc3bdf1,LPG stove,0,0,0
bc826199-4d5d-4e44-bdf0-09b81cc3bdf1,Other,0,0,0
bc826199-4d5d-4e44-bdf0-09b81cc3bdf1,Solid-fuel stove,0,0,0
bca0e77d-1e64-4e16-b8a0-431b15ea2abc,Biogas stove,0,0,0
bca0e77d-1e64-4e16-b8a0-431b15ea2abc,Electric cooking device,0,0,0
bca0e77d-1e64-4e16-b8a0-431b15ea2abc,Kerosene fuel / other liquid fuel stove,0,0,0
bca0e77d-1e64-4e16-b8a0-431b15ea2abc,LPG stove,1,120,3300
bca0e77d-1e64-4e16-b8a0-431b15ea2abc,Other,0,0,0
bca0e77d-1e64-4e16-b8a0-431b15ea2abc,Solid-fuel stove,0,0,0
bd841238-7751-4de1-baff-652aafcd0498,Biogas stove,0,0,0
bd841238-7751-4de1-baff-652aafcd0498,Electric cooking device,0,0,0
bd841238-7751-4de1-baff-652aafcd0498,Kerosene fuel / other liquid fuel stove,0,0,0
bd841238-7751-4de1-baff-652aafcd0498,LPG stove,1,120,6400
bd841238-7751-4de1-baff-652aafcd0498,Other,0,0,0
bd841238-7751-4de1-baff-652aafcd0498,Solid-fuel stove,0,0,0
be37e79a-dacb-487f-9487-39327725a218,Biogas stove,0,0,0
be37e79a-dacb-487f-9487-39327725a218,Electric cooking device,0,0,0
be37e79a-dacb-487f-9487-39327725a218,Kerosene fuel / other liquid fuel stove,0,0,0
be37e79a-dacb-487f-9487-39327725a218,LPG stove,3,180,10000
be37e79a-dacb-487f-9487-39327725a218,Other,0,0,0
be37e79a-dacb-487f-9487-39327725a218,Solid-fuel stove,0,0,0
be4a9089-218b-42a0-8e37-f481cec0bc0f,Biogas stove,0,0,0
be4a9089-218b-42a0-8e37-f481cec0bc0f,Electric cooking device,0,0,0
be4a9089-218b-42a0-8e37-f481cec0bc0f,Kerosene fuel / other liquid fuel stove,1,150,4800
be4a9089-218b-42a0-8e37-f481cec0bc0f,LPG stove,0,0,0
be4a9089-218b-42a0-8e37-f481cec0bc0f,Other,0,0,0
be4a9089-218b-42a0-8e37-f481cec0bc0f,Solid-fuel stove,0,0,0
c22be5aa-9fcf-4f63-8aed-13684ae0fb54,Biogas stove,0,0,0
c22be5aa-9fcf-4f63-8aed-13684ae0fb54,Electric cooking device,0,0,0
c22be5aa-9fcf-4f63-8aed-13684ae0fb54,Kerosene fuel / other liquid fuel stove,1,50,5000
c22be5aa-9fcf-4f63-8aed-13684ae0fb54,LPG stove,0,0,0
c22be5aa-9fcf-4f63-8aed-13684ae0fb54,Other,0,0,0
c22be5aa-9fcf-4f63-8aed-13684ae0fb54,Solid-fuel stove,0,0,0
c336e96e-6166-46e7-8a10-76cffe8ea20b,Biogas stove,0,0,0
c336e96e-6166-46e7-8a10-76cffe8ea20b,Electric cooking device,0,0,0
c336e96e-6166-46e7-8a10-76cffe8ea20b,Kerosene fuel / other liquid fuel stove,1,240,4000
c336e96e-6166-46e7-8a10-76cffe8ea20b,LPG stove,0,0,0
c336e96e-6166-46e7-8a10-76cffe8ea20b,Other,0,0,0
c336e96e-6166-46e7-8a10-76cffe8ea20b,Solid-fuel stove,0,0,0
c39026e8-0802-44ab-ad76-cf4b8dda7053,Biogas stove,0,0,0
c39026e8-0802-44ab-ad76-cf4b8dda7053,Electric cooking device,0,0,0
c39026e8-0802-44ab-ad76-cf4b8dda7053,Kerosene fuel / other liquid fuel stove,0,0,0
c39026e8-0802-44ab-ad76-cf4b8dda7053,LPG stove,1,300,6000
c39026e8-0802-44ab-ad76-cf4b8dda7053,Other,3,240,2000
c39026e8-0802-44ab-ad76-cf4b8dda7053,Solid-fuel stove,0,0,0
c3c563a6-f3bc-4645-8198-e5030bdb5005,Biogas stove,0,0,0
c3c563a6-f3bc-4645-8198-e5030bdb5005,Electric cooking device,0,0,0
c3c563a6-f3bc-4645-8198-e5030bdb5005,Kerosene fuel / other liquid fuel stove,1,60,2000
c3c563a6-f3bc-4645-8198-e5030bdb5005,LPG stove,1,60,5000
c3c563a6-f3bc-4645-8198-e5030bdb5005,Other,0,0,0
c3c563a6-f3bc-4645-8198-e5030bdb5005,Solid-fuel stove,0,0,0
c6033f40-5de2-4429-a52a-4da336d11d08,Biogas stove,0,0,0
c6033f40-5de2-4429-a52a-4da336d11d08,Electric cooking device,1,150,0
c6033f40-5de2-4429-a52a-4da336d11d08,Kerosene fuel / other liquid fuel stove,1,300,4200
c6033f40-5de2-4429-a52a-4da336d11d08,LPG stove,1,60,3500
c6033f40-5de2-4429-a52a-4da336d11d08,Other,0,0,0
c6033f40-5de2-4429-a52a-4da336d11d08,Solid-fuel stove,0,0,0
c6a75631-4418-4fb7-a831-9b31ab9275ca,Biogas stove,0,0,0
c6a75631-4418-4fb7-a831-9b31ab9275ca,Electric cooking device,0,0,0
c6a75631-4418-4fb7-a831-9b31ab9275ca,Kerosene fuel / other liquid fuel stove,0,0,0
c6a75631-4418-4fb7-a831-9b31ab9275ca,LPG stove,1,180,3900
c6a75631-4418-4fb7-a831-9b31ab9275ca,Other,0,0,0
c6a75631-4418-4fb7-a831-9b31ab9275ca,Solid-fuel stove,0,0,0
cee60e82-fbc1-4669-8df0-24e048c03422,Biogas stove,0,0,0
cee60e82-fbc1-4669-8df0-24e048c03422,Electric cooking device,0,0,0
cee60e82-fbc1-4669-8df0-24e048c03422,Kerosene fuel / other liquid fuel stove,1,90,6750
cee60e82-fbc1-4669-8df0-24e048c03422,LPG stove,0,0,0
cee60e82-fbc1-4669-8df0-24e048c03422,Other,0,0,0
cee60e82-fbc1-4669-8df0-24e048c03422,Solid-fuel stove,1,120,2000
d09bd42b-e1ee-440f-bb49-c50ab018aa44,Biogas stove,0,0,0
d09bd42b-e1ee-440f-bb49-c50ab018aa44,Electric cooking device,0,0,0
d09bd42b-e1ee-440f-bb49-c50ab018aa44,Kerosene fuel / other liquid fuel stove,0,0,0
d09bd42b-e1ee-440f-bb49-c50ab018aa44,LPG stove,2,235,10000
d09bd42b-e1ee-440f-bb49-c50ab018aa44,Other,0,0,0
d09bd42b-e1ee-440f-bb49-c50ab018aa44,Solid-fuel stove,0,0,0
d0d07fc8-3dfa-42c2-ae1e-cc767fb04ab3,Biogas stove,0,0,0
d0d07fc8-3dfa-42c2-ae1e-cc767fb04ab3,Electric cooking device,0,0,0
d0d07fc8-3dfa-42c2-ae1e-cc767fb04ab3,Kerosene fuel / other liquid fuel stove,0,0,0
d0d07fc8-3dfa-42c2-ae1e-cc767fb04ab3,LPG stove,2,260,5000
d0d07fc8-3dfa-42c2-ae1e-cc767fb04ab3,Other,0,0,0
d0d07fc8-3dfa-42c2-ae1e-cc767fb04ab3,Solid-fuel stove,0,0,0
d0d2613a-801d-4a48-b05c-9525887dc0b3,Biogas stove,0,0,0
d0d2613a-801d-4a48-b05c-9525887dc0b3,Electric cooking device,0,0,0
d0d2613a-801d-4a48-b05c-9525887dc0b3,Kerosene fuel / other liquid fuel stove,0,0,0
d0d2613a-801d-4a48-b05c-9525887dc0b3,LPG stove,1,90,3000
d0d2613a-801d-4a48-b05c-9525887dc0b3,Other,0,0,0
d0d2613a-801d-4a48-b05c-9525887dc0b3,Solid-fuel stove,0,0,0
d68b15ba-1e1e-4eea-b64d-9e5c6dcde4c9,Biogas stove,0,0,0
d68b15ba-1e1e-4eea-b64d-9e5c6dcde4c9,Electric cooking device,0,0,0
d68b15ba-1e1e-4eea-b64d-9e5c6dcde4c9,Kerosene fuel / other liquid fuel stove,1,120,5600
d68b15ba-1e1e-4eea-b64d-9e5c6dcde4c9,LPG stove,0,0,0
d68b15ba-1e1e-4eea-b64d-9e5c6dcde4c9,Other,0,0,0
d68b15ba-1e1e-4eea-b64d-9e5c6dcde4c9,Solid-fuel stove,1,130,5200
d71d899c-ecbe-4617-872b-3b582ae2c209,Biogas stove,0,0,0
d71d899c-ecbe-4617-872b-3b582ae2c209,Electric cooking device,0,0,0
d71d899c-ecbe-4617-872b-3b582ae2c209,Kerosene fuel / other liquid fuel stove,0,0,0
d71d899c-ecbe-4617-872b-3b582ae2c209,LPG stove,0,0,0
d71d899c-ecbe-4617-872b-3b582ae2c209,Other,0,0,0
d71d899c-ecbe-4617-872b-3b582ae2c209,Solid-fuel stove,1,60,4000
d71e9766-7b80-40c8-9e93-9152d0126c8a,Biogas stove,0,0,0
d71e9766-7b80-40c8-9e93-9152d0126c8a,Electric cooking device,0,0,0
d71e9766-7b80-40c8-9e93-9152d0126c8a,Kerosene fuel / other liquid fuel stove,1,90,3000
d71e9766-7b80-40c8-9e93-9152d0126c8a,LPG stove,0,0,0
d71e9766-7b80-40c8-9e93-9152d0126c8a,Other,0,0,0
d71e9766-7b80-40c8-9e93-9152d0126c8a,Solid-fuel stove,0,0,0
d7f0067f-1884-421b-ab3a-c744b4788a73,Biogas stove,0,0,0
d7f0067f-1884-421b-ab3a-c744b4788a73,Electric cooking device,0,0,0
d7f0067f-1884-421b-ab3a-c744b4788a73,Kerosene fuel / other liquid fuel stove,0,0,0
d7f0067f-1884-421b-ab3a-c744b4788a73,LPG stove,2,300,10000
d7f0067f-1884-421b-ab3a-c744b4788a73,Other,0,0,0
d7f0067f-1884-421b-ab3a-c744b4788a73,Solid-fuel stove,0,0,0
da43a0b7-f7c4-4430-85ee-a8d2fef9a5fd,Biogas stove,0,0,0
da43a0b7-f7c4-4430-85ee-a8d2fef9a5fd,Electric cooking device,0,0,0
da43a0b7-f7c4-4430-85ee-a8d2fef9a5fd,Kerosene fuel / other liquid fuel stove,1,60,3000
da43a0b7-f7c4-4430-85ee-a8d2fef9a5fd,LPG stove,0,0,0
da43a0b7-f7c4-4430-85ee-a8d2fef9a5fd,Other,0,0,0
da43a0b7-f7c4-4430-85ee-a8d2fef9a5fd,Solid-fuel stove,0,0,0
db46d048-a55c-4995-b2b7-3cf36d0f17eb,Biogas stove,0,0,0
db46d048-a55c-4995-b2b7-3cf36d0f17eb,Electric cooking device,1,120,0
db46d048-a55c-4995-b2b7-3cf36d0f17eb,Kerosene fuel / other liquid fuel stove,0,0,0
db46d048-a55c-4995-b2b7-3cf36d0f17eb,LPG stove,1,180,1700
db46d048-a55c-4995-b2b7-3cf36d0f17eb,Other,0,0,0
db46d048-a55c-4995-b2b7-3cf36d0f17eb,Solid-fuel stove,1,180,1500
dc9f9af6-3dea-4628-be01-47367de13eb2,Biogas stove,0,0,0
dc9f9af6-3dea-4628-be01-47367de13eb2,Electric cooking device,0,0,0
dc9f9af6-3dea-4628-be01-47367de13eb2,Kerosene fuel / other liquid fuel stove,1,60,1800
dc9f9af6-3dea-4628-be01-47367de13eb2,LPG stove,0,0,0
dc9f9af6-3dea-4628-be01-47367de13eb2,Other,0,0,0
dc9f9af6-3dea-4628-be01-47367de13eb2,Solid-fuel stove,0,0,0
de42836d-44f8-4d2b-a095-5a187fd7cf7b,Biogas stove,0,0,0
de42836d-44f8-4d2b-a095-5a187fd7cf7b,Electric cooking device,0,0,0
de42836d-44f8-4d2b-a095-5a187fd7cf7b,Kerosene fuel / other liquid fuel stove,0,0,0
de42836d-44f8-4d2b-a095-5a187fd7cf7b,LPG stove,2,300,12000
de42836d-44f8-4d2b-a095-5a187fd7cf7b,Other,0,0,0
de42836d-44f8-4d2b-a095-5a187fd7cf7b,Solid-fuel stove,0,0,0
e234e6fc-db4b-464f-895f-5ecc3a7e5464,Biogas stove,0,0,0
e234e6fc-db4b-464f-895f-5ecc3a7e5464,Electric cooking device,0,0,0
e234e6fc-db4b-464f-895f-5ecc3a7e5464,Kerosene fuel / other liquid fuel stove,0,0,0
e234e6fc-db4b-464f-895f-5ecc3a7e5464,LPG stove,1,240,8000
e234e6fc-db4b-464f-895f-5ecc3a7e5464,Other,0,0,0
e234e6fc-db4b-464f-895f-5ecc3a7e5464,Solid-fuel stove,0,0,0
e38868ae-c753-427a-8967-a9bb142d96db,Biogas stove,0,0,0
e38868ae-c753-427a-8967-a9bb142d96db,Electric cooking device,0,0,0
e38868ae-c753-427a-8967-a9bb142d96db,Kerosene fuel / other liquid fuel stove,2,99,14000
e38868ae-c753-427a-8967-a9bb142d96db,LPG stove,0,0,0
e38868ae-c753-427a-8967-a9bb142d96db,Other,0,0,0
e38868ae-c753-427a-8967-a9bb142d96db,Solid-fuel stove,0,0,0
e46b610b-2737-47b4-9b6a-30cc7aac9b51,Biogas stove,0,0,0
e46b610b-2737-47b4-9b6a-30cc7aac9b51,Electric cooking device,0,0,0
e46b610b-2737-47b4-9b6a-30cc7aac9b51,Kerosene fuel / other liquid fuel stove,0,0,0
e46b610b-2737-47b4-9b6a-30cc7aac9b51,LPG stove,1,140,3000
e46b610b-2737-47b4-9b6a-30cc7aac9b51,Other,0,0,0
e46b610b-2737-47b4-9b6a-30cc7aac9b51,Solid-fuel stove,0,0,0
e58782d6-23b2-48da-aa48-4494bd6b439b,Biogas stove,0,0,0
e58782d6-23b2-48da-aa48-4494bd6b439b,Electric cooking device,0,0,0
e58782d6-23b2-48da-aa48-4494bd6b439b,Kerosene fuel / other liquid fuel stove,2,240,4500
e58782d6-23b2-48da-aa48-4494bd6b439b,LPG stove,0,0,0
e58782d6-23b2-48da-aa48-4494bd6b439b,Other,0,0,0
e58782d6-23b2-48da-aa48-4494bd6b439b,Solid-fuel stove,1,60,1500
e6dd1d3d-84a7-46db-a817-2a047e1e3ac2,Biogas stove,0,0,0
e6dd1d3d-84a7-46db-a817-2a047e1e3ac2,Electric cooking device,0,0,0
e6dd1d3d-84a7-46db-a817-2a047e1e3ac2,Kerosene fuel / other liquid fuel stove,0,0,0
e6dd1d3d-84a7-46db-a817-2a047e1e3ac2,LPG stove,1,180,6000
e6dd1d3d-84a7-46db-a817-2a047e1e3ac2,Other,0,0,0
e6dd1d3d-84a7-46db-a817-2a047e1e3ac2,Solid-fuel stove,0,0,0
e6fb22ee-aae4-43c1-878a-031a0fbf318d,Biogas stove,0,0,0
e6fb22ee-aae4-43c1-878a-031a0fbf318d,Electric cooking device,0,0,0
e6fb22ee-aae4-43c1-878a-031a0fbf318d,Kerosene fuel / other liquid fuel stove,0,0,0
e6fb22ee-aae4-43c1-878a-031a0fbf318d,LPG stove,1,120,6500
e6fb22ee-aae4-43c1-878a-031a0fbf318d,Other,0,0,0
e6fb22ee-aae4-43c1-878a-031a0fbf318d,Solid-fuel stove,0,0,0
e847979d-effe-4d7e-bb19-338e57cd044b,Biogas stove,0,0,0
e847979d-effe-4d7e-bb19-338e57cd044b,Electric cooking device,0,0,0
e847979d-effe-4d7e-bb19-338e57cd044b,Kerosene fuel / other liquid fuel stove,0,0,0
e847979d-effe-4d7e-bb19-338e57cd044b,LPG stove,1,26,4200
e847979d-effe-4d7e-bb19-338e57cd044b,Other,0,0,0
e847979d-effe-4d7e-bb19-338e57cd044b,Solid-fuel stove,0,0,0
ec83d100-ea74-4c4d-8e8c-899504055eef,Biogas stove,0,0,0
ec83d100-ea74-4c4d-8e8c-899504055eef,Electric cooking device,0,0,0
ec83d100-ea74-4c4d-8e8c-899504055eef,Kerosene fuel / other liquid fuel stove,0,0,0
ec83d100-ea74-4c4d-8e8c-899504055eef,LPG stove,1,300,6500
ec83d100-ea74-4c4d-8e8c-899504055eef,Other,5,300,3500
ec83d100-ea74-4c4d-8e8c-899504055eef,Solid-fuel stove,0,0,0
ece59ccc-b0dd-48dc-b283-6fec526b9d18,Biogas stove,0,0,0
ece59ccc-b0dd-48dc-b283-6fec526b9d18,Electric cooking device,0,0,0
ece59ccc-b0dd-48dc-b283-6fec526b9d18,Kerosene fuel / other liquid fuel stove,0,0,0
ece59ccc-b0dd-48dc-b283-6fec526b9d18,LPG stove,1,60,3000
ece59ccc-b0dd-48dc-b283-6fec526b9d18,Other,0,0,0
ece59ccc-b0dd-48dc-b283-6fec526b9d18,Solid-fuel stove,0,0,0
f0a08f0d-d660-46c7-ba72-db65c62411b5,Biogas stove,0,0,0
f0a08f0d-d660-46c7-ba72-db65c62411b5,Electric cooking device,0,0,0
f0a08f0d-d660-46c7-ba72-db65c62411b5,Kerosene fuel / other liquid fuel stove,0,0,0
f0a08f0d-d660-46c7-ba72-db65c62411b5,LPG stove,1,60,2000
f0a08f0d-d660-46c7-ba72-db65c62411b5,Other,0,0,0
f0a08f0d-d660-46c7-ba72-db65c62411b5,Solid-fuel stove,0,0,0
f1183717-2ddd-42a6-a110-98144b68ad65,Biogas stove,0,0,0
f1183717-2ddd-42a6-a110-98144b68ad65,Electric cooking device,0,0,0
f1183717-2ddd-42a6-a110-98144b68ad65,Kerosene fuel / other liquid fuel stove,1,120,2500
f1183717-2ddd-42a6-a110-98144b68ad65,LPG stove,0,0,0
f1183717-2ddd-42a6-a110-98144b68ad65,Other,0,0,0
f1183717-2ddd-42a6-a110-98144b68ad65,Solid-fuel stove,0,0,0
f16b73d8-4274-4433-8ea7-385dab15e6e0,Biogas stove,0,0,0
f16b73d8-4274-4433-8ea7-385dab15e6e0,Electric cooking device,0,0,0
f16b73d8-4274-4433-8ea7-385dab15e6e0,Kerosene fuel / other liquid fuel stove,0,0,0
f16b73d8-4274-4433-8ea7-385dab15e6e0,LPG stove,0,0,0
f16b73d8-4274-4433-8ea7-385dab15e6e0,Other,0,0,0
f16b73d8-4274-4433-8ea7-385dab15e6e0,Solid-fuel stove,2,240,5000
f2bc2e4b-002b-47da-84b1-07a69245caa3,Biogas stove,0,0,0
f2bc2e4b-002b-47da-84b1-07a69245caa3,Electric cooking device,0,0,0
f2bc2e4b-002b-47da-84b1-07a69245caa3,Kerosene fuel / other liquid fuel stove,1,120,2000
f2bc2e4b-002b-47da-84b1-07a69245caa3,LPG stove,0,0,0
f2bc2e4b-002b-47da-84b1-07a69245caa3,Other,0,0,0
f2bc2e4b-002b-47da-84b1-07a69245caa3,Solid-fuel stove,2,240,5000
f3d6f293-69d8-41d7-b00d-39891811acd5,Biogas stove,0,0,0
f3d6f293-69d8-41d7-b00d-39891811acd5,Electric cooking device,0,0,0
f3d6f293-69d8-41d7-b00d-39891811acd5,Kerosene fuel / other liquid fuel stove,0,0,0
f3d6f293-69d8-41d7-b00d-39891811acd5,LPG stove,1,240,6000
f3d6f293-69d8-41d7-b00d-39891811acd5,Other,0,0,0
f3d6f293-69d8-41d7-b00d-39891811acd5,Solid-fuel stove,0,0,0
f4dc2754-6f68-41a9-ade3-d4b868fcc2b0,Biogas stove,0,0,0
f4dc2754-6f68-41a9-ade3-d4b868fcc2b0,Electric cooking device,0,0,0
f4dc2754-6f68-41a9-ade3-d4b868fcc2b0,Kerosene fuel / other liquid fuel stove,1,60,4000
f4dc2754-6f68-41a9-ade3-d4b868fcc2b0,LPG stove,0,0,0
f4dc2754-6f68-41a9-ade3-d4b868fcc2b0,Other,0,0,0
f4dc2754-6f68-41a9-ade3-d4b868fcc2b0,Solid-fuel stove,4,90,3000
f618c5ef-3877-4070-838b-930e092027f3,Biogas stove,0,0,0
f618c5ef-3877-4070-838b-930e092027f3,Electric cooking device,1,60,2000
f618c5ef-3877-4070-838b-930e092027f3,Kerosene fuel / other liquid fuel stove,0,0,0
f618c5ef-3877-4070-838b-930e092027f3,LPG stove,0,0,0
f618c5ef-3877-4070-838b-930e092027f3,Other,0,0,0
f618c5ef-3877-4070-838b-930e092027f3,Solid-fuel stove,0,0,0
f9108f8e-cc85-4f31-896a-2a50783a7d3d,Biogas stove,0,0,0
f9108f8e-cc85-4f31-896a-2a50783a7d3d,Electric cooking device,0,0,0
f9108f8e-cc85-4f31-896a-2a50783a7d3d,Kerosene fuel / other liquid fuel stove,0,0,0
f9108f8e-cc85-4f31-896a-2a50783a7d3d,LPG stove,0,0,0
f9108f8e-cc85-4f31-896a-2a50783a7d3d,Other,0,0,0
f9108f8e-cc85-4f31-896a-2a50783a7d3d,Solid-fuel stove,1,300,6000
fa4107db-c09d-43d0-8e53-7d6c1920c416,Biogas stove,0,0,0
fa4107db-c09d-43d0-8e53-7d6c1920c416,Electric cooking device,0,0,0
fa4107db-c09d-43d0-8e53-7d6c1920c416,Kerosene fuel / other liquid fuel stove,0,0,0
fa4107db-c09d-43d0-8e53-7d6c1920c416,LPG stove,3,600,4500
fa4107db-c09d-43d0-8e53-7d6c1920c416,Other,0,0,0
fa4107db-c09d-43d0-8e53-7d6c1920c416,Solid-fuel stove,1,600,3000
faa4f8a1-599b-4fea-8d68-0a8134e14a7d,Biogas stove,0,0,0
faa4f8a1-599b-4fea-8d68-0a8134e14a7d,Electric cooking device,0,0,0
faa4f8a1-599b-4fea-8d68-0a8134e14a7d,Kerosene fuel / other liquid fuel stove,0,0,0
faa4f8a1-599b-4fea-8d68-0a8134e14a7d,LPG stove,1,60,5000
faa4f8a1-599b-4fea-8d68-0a8134e14a7d,Other,1,120,0
faa4f8a1-599b-4fea-8d68-0a8134e14a7d,Solid-fuel stove,0,0,0
fcf005b0-86e7-483c-8791-f7c948091647,Biogas stove,0,0,0
fcf005b0-86e7-483c-8791-f7c948091647,Electric cooking device,0,0,0
fcf005b0-86e7-483c-8791-f7c948091647,Kerosene fuel / other liquid fuel stove,0,0,0
fcf005b0-86e7-483c-8791-f7c948091647,LPG stove,1,200,3000
fcf005b0-86e7-483c-8791-f7c948091647,Other,0,0,0
fcf005b0-86e7-483c-8791-f7c948091647,Solid-fuel stove,1,120,800
