entid,q405,q405_2,q405_3,q405_4
0292b198-63d3-48a7-931f-e8e079a42885,Atlas,0,0,0
0292b198-63d3-48a7-931f-e8e079a42885,Circular machine,0,0,0
0292b198-63d3-48a7-931f-e8e079a42885,Clipper,0,0,0
0292b198-63d3-48a7-931f-e8e079a42885,Cutter,0,0,0
0292b198-63d3-48a7-931f-e8e079a42885,Drier,0,0,0
0292b198-63d3-48a7-931f-e8e079a42885,Filer,0,0,0
0292b198-63d3-48a7-931f-e8e079a42885,Grinder,0,0,0
0292b198-63d3-48a7-931f-e8e079a42885,Hair dryer,0,0,0
0292b198-63d3-48a7-931f-e8e079a42885,Ice cream maker,0,0,0
0292b198-63d3-48a7-931f-e8e079a42885,Industrial sewing machine,0,0,0
0292b198-63d3-48a7-931f-e8e079a42885,Jigsaw machine,0,0,0
0292b198-63d3-48a7-931f-e8e079a42885,Lister,0,0,0
0292b198-63d3-48a7-931f-e8e079a42885,Mill,0,0,0
0292b198-63d3-48a7-931f-e8e079a42885,Mixer,0,0,0
0292b198-63d3-48a7-931f-e8e079a42885,Packing machine,0,0,0
0292b198-63d3-48a7-931f-e8e079a42885,Photocopier,0,0,0
0292b198-63d3-48a7-931f-e8e079a42885,Pressing Iron,0,0,0
0292b198-63d3-48a7-931f-e8e079a42885,Quail,0,0,0
0292b198-63d3-48a7-931f-e8e079a42885,Rebor machine,0,0,0
0292b198-63d3-48a7-931f-e8e079a42885,Spool gun,0,0,0
0292b198-63d3-48a7-931f-e8e079a42885,Stretcher,0,0,0
0292b198-63d3-48a7-931f-e8e079a42885,Tower warmer,0,0,0
0292b198-63d3-48a7-931f-e8e079a42885,Tyre repairer,0,0,0
0292b198-63d3-48a7-931f-e8e079a42885,Washing machine,0,0,0
0292b198-63d3-48a7-931f-e8e079a42885,Water pump machine,0,0,0
0292b198-63d3-48a7-931f-e8e079a42885,Welder,2,4,1
02cc446a-ca3c-4dc7-bee6-bd15fa42c837,Atlas,0,0,0
02cc446a-ca3c-4dc7-bee6-bd15fa42c837,Circular machine,0,0,0
02cc446a-ca3c-4dc7-bee6-bd15fa42c837,Clipper,0,0,0
02cc446a-ca3c-4dc7-bee6-bd15fa42c837,Cutter,0,0,0
02cc446a-ca3c-4dc7-bee6-bd15fa42c837,Drier,0,0,0
02cc446a-ca3c-4dc7-bee6-bd15fa42c837,Filer,0,0,0
02cc446a-ca3c-4dc7-bee6-bd15fa42c837,Grinder,0,0,0
02cc446a-ca3c-4dc7-bee6-bd15fa42c837,Hair dryer,0,0,0
02cc446a-ca3c-4dc7-bee6-bd15fa42c837,Ice cream maker,0,0,0
02cc446a-ca3c-4dc7-bee6-bd15fa42c837,Industrial sewing machine,0,0,0
02cc446a-ca3c-4dc7-bee6-bd15fa42c837,Jigsaw machine,0,0,0
02cc446a-ca3c-4dc7-bee6-bd15fa42c837,Lister,0,0,0
02cc446a-ca3c-4dc7-bee6-bd15fa42c837,Mill,0,0,0
02cc446a-ca3c-4dc7-bee6-bd15fa42c837,Mixer,0,0,0
02cc446a-ca3c-4dc7-bee6-bd15fa42c837,Packing machine,0,0,0
02cc446a-ca3c-4dc7-bee6-bd15fa42c837,Photocopier,0,0,0
02cc446a-ca3c-4dc7-bee6-bd15fa42c837,Pressing Iron,0,0,0
02cc446a-ca3c-4dc7-bee6-bd15fa42c837,Quail,0,0,0
02cc446a-ca3c-4dc7-bee6-bd15fa42c837,Rebor machine,0,0,0
02cc446a-ca3c-4dc7-bee6-bd15fa42c837,Spool gun,0,0,0
02cc446a-ca3c-4dc7-bee6-bd15fa42c837,Stretcher,0,0,0
02cc446a-ca3c-4dc7-bee6-bd15fa42c837,Tower warmer,0,0,0
02cc446a-ca3c-4dc7-bee6-bd15fa42c837,Tyre repairer,0,0,0
02cc446a-ca3c-4dc7-bee6-bd15fa42c837,Washing machine,0,0,0
02cc446a-ca3c-4dc7-bee6-bd15fa42c837,Water pump machine,0,0,0
02cc446a-ca3c-4dc7-bee6-bd15fa42c837,Welder,1,4,1
05805c38-c70e-4096-afa9-c3b986cb56fa,Atlas,0,0,0
05805c38-c70e-4096-afa9-c3b986cb56fa,Circular machine,0,0,0
05805c38-c70e-4096-afa9-c3b986cb56fa,Clipper,0,0,0
05805c38-c70e-4096-afa9-c3b986cb56fa,Cutter,0,0,0
05805c38-c70e-4096-afa9-c3b986cb56fa,Drier,0,0,0
05805c38-c70e-4096-afa9-c3b986cb56fa,Filer,0,0,0
05805c38-c70e-4096-afa9-c3b986cb56fa,Grinder,0,0,0
05805c38-c70e-4096-afa9-c3b986cb56fa,Hair dryer,0,0,0
05805c38-c70e-4096-afa9-c3b986cb56fa,Ice cream maker,0,0,0
05805c38-c70e-4096-afa9-c3b986cb56fa,Industrial sewing machine,1,4,180
05805c38-c70e-4096-afa9-c3b986cb56fa,Jigsaw machine,0,0,0
05805c38-c70e-4096-afa9-c3b986cb56fa,Lister,0,0,0
05805c38-c70e-4096-afa9-c3b986cb56fa,Mill,0,0,0
05805c38-c70e-4096-afa9-c3b986cb56fa,Mixer,0,0,0
05805c38-c70e-4096-afa9-c3b986cb56fa,Packing machine,0,0,0
05805c38-c70e-4096-afa9-c3b986cb56fa,Photocopier,0,0,0
05805c38-c70e-4096-afa9-c3b986cb56fa,Pressing Iron,0,0,0
05805c38-c70e-4096-afa9-c3b986cb56fa,Quail,0,0,0
05805c38-c70e-4096-afa9-c3b986cb56fa,Rebor machine,0,0,0
05805c38-c70e-4096-afa9-c3b986cb56fa,Spool gun,0,0,0
05805c38-c70e-4096-afa9-c3b986cb56fa,Stretcher,0,0,0
05805c38-c70e-4096-afa9-c3b986cb56fa,Tower warmer,0,0,0
05805c38-c70e-4096-afa9-c3b986cb56fa,Tyre repairer,0,0,0
05805c38-c70e-4096-afa9-c3b986cb56fa,Washing machine,0,0,0
05805c38-c70e-4096-afa9-c3b986cb56fa,Water pump machine,0,0,0
05805c38-c70e-4096-afa9-c3b986cb56fa,Welder,0,0,0
10d2ea6b-3759-4ab2-ad43-2df7272a732c,Atlas,0,0,0
10d2ea6b-3759-4ab2-ad43-2df7272a732c,Circular machine,0,0,0
10d2ea6b-3759-4ab2-ad43-2df7272a732c,Clipper,0,0,0
10d2ea6b-3759-4ab2-ad43-2df7272a732c,Cutter,0,0,0
10d2ea6b-3759-4ab2-ad43-2df7272a732c,Drier,0,0,0
10d2ea6b-3759-4ab2-ad43-2df7272a732c,Filer,0,0,0
10d2ea6b-3759-4ab2-ad43-2df7272a732c,Grinder,2,4,10
10d2ea6b-3759-4ab2-ad43-2df7272a732c,Hair dryer,0,0,0
10d2ea6b-3759-4ab2-ad43-2df7272a732c,Ice cream maker,0,0,0
10d2ea6b-3759-4ab2-ad43-2df7272a732c,Industrial sewing machine,0,0,0
10d2ea6b-3759-4ab2-ad43-2df7272a732c,Jigsaw machine,0,0,0
10d2ea6b-3759-4ab2-ad43-2df7272a732c,Lister,0,0,0
10d2ea6b-3759-4ab2-ad43-2df7272a732c,Mill,0,0,0
10d2ea6b-3759-4ab2-ad43-2df7272a732c,Mixer,0,0,0
10d2ea6b-3759-4ab2-ad43-2df7272a732c,Packing machine,0,0,0
10d2ea6b-3759-4ab2-ad43-2df7272a732c,Photocopier,0,0,0
10d2ea6b-3759-4ab2-ad43-2df7272a732c,Pressing Iron,0,0,0
10d2ea6b-3759-4ab2-ad43-2df7272a732c,Quail,0,0,0
10d2ea6b-3759-4ab2-ad43-2df7272a732c,Rebor machine,0,0,0
10d2ea6b-3759-4ab2-ad43-2df7272a732c,Spool gun,0,0,0
10d2ea6b-3759-4ab2-ad43-2df7272a732c,Stretcher,0,0,0
10d2ea6b-3759-4ab2-ad43-2df7272a732c,Tower warmer,0,0,0
10d2ea6b-3759-4ab2-ad43-2df7272a732c,Tyre repairer,0,0,0
10d2ea6b-3759-4ab2-ad43-2df7272a732c,Washing machine,0,0,0
10d2ea6b-3759-4ab2-ad43-2df7272a732c,Water pump machine,0,0,0
10d2ea6b-3759-4ab2-ad43-2df7272a732c,Welder,0,0,0
179a1aa6-477f-4fed-b6e2-b4541574a856,Atlas,0,0,0
179a1aa6-477f-4fed-b6e2-b4541574a856,Circular machine,0,0,0
179a1aa6-477f-4fed-b6e2-b4541574a856,Clipper,0,0,0
179a1aa6-477f-4fed-b6e2-b4541574a856,Cutter,0,0,0
179a1aa6-477f-4fed-b6e2-b4541574a856,Drier,0,0,0
179a1aa6-477f-4fed-b6e2-b4541574a856,Filer,0,0,0
179a1aa6-477f-4fed-b6e2-b4541574a856,Grinder,0,0,0
179a1aa6-477f-4fed-b6e2-b4541574a856,Hair dryer,0,0,0
179a1aa6-477f-4fed-b6e2-b4541574a856,Ice cream maker,0,0,0
179a1aa6-477f-4fed-b6e2-b4541574a856,Industrial sewing machine,0,0,0
179a1aa6-477f-4fed-b6e2-b4541574a856,Jigsaw machine,0,0,0
179a1aa6-477f-4fed-b6e2-b4541574a856,Lister,0,0,0
179a1aa6-477f-4fed-b6e2-b4541574a856,Mill,3,4,17
179a1aa6-477f-4fed-b6e2-b4541574a856,Mixer,0,0,0
179a1aa6-477f-4fed-b6e2-b4541574a856,Packing machine,0,0,0
179a1aa6-477f-4fed-b6e2-b4541574a856,Photocopier,0,0,0
179a1aa6-477f-4fed-b6e2-b4541574a856,Pressing Iron,0,0,0
179a1aa6-477f-4fed-b6e2-b4541574a856,Quail,0,0,0
179a1aa6-477f-4fed-b6e2-b4541574a856,Rebor machine,0,0,0
179a1aa6-477f-4fed-b6e2-b4541574a856,Spool gun,0,0,0
179a1aa6-477f-4fed-b6e2-b4541574a856,Stretcher,0,0,0
179a1aa6-477f-4fed-b6e2-b4541574a856,Tower warmer,0,0,0
179a1aa6-477f-4fed-b6e2-b4541574a856,Tyre repairer,0,0,0
179a1aa6-477f-4fed-b6e2-b4541574a856,Washing machine,0,0,0
179a1aa6-477f-4fed-b6e2-b4541574a856,Water pump machine,0,0,0
179a1aa6-477f-4fed-b6e2-b4541574a856,Welder,0,0,0
18ce01f4-2a09-4260-9a1a-b123db618ece,Atlas,0,0,0
18ce01f4-2a09-4260-9a1a-b123db618ece,Circular machine,1,4,1
18ce01f4-2a09-4260-9a1a-b123db618ece,Clipper,0,0,0
18ce01f4-2a09-4260-9a1a-b123db618ece,Cutter,0,0,0
18ce01f4-2a09-4260-9a1a-b123db618ece,Drier,0,0,0
18ce01f4-2a09-4260-9a1a-b123db618ece,Filer,0,0,0
18ce01f4-2a09-4260-9a1a-b123db618ece,Grinder,0,0,0
18ce01f4-2a09-4260-9a1a-b123db618ece,Hair dryer,0,0,0
18ce01f4-2a09-4260-9a1a-b123db618ece,Ice cream maker,0,0,0
18ce01f4-2a09-4260-9a1a-b123db618ece,Industrial sewing machine,0,0,0
18ce01f4-2a09-4260-9a1a-b123db618ece,Jigsaw machine,1,4,1
18ce01f4-2a09-4260-9a1a-b123db618ece,Lister,0,0,0
18ce01f4-2a09-4260-9a1a-b123db618ece,Mill,1,4,1
18ce01f4-2a09-4260-9a1a-b123db618ece,Mixer,0,0,0
18ce01f4-2a09-4260-9a1a-b123db618ece,Packing machine,0,0,0
18ce01f4-2a09-4260-9a1a-b123db618ece,Photocopier,0,0,0
18ce01f4-2a09-4260-9a1a-b123db618ece,Pressing Iron,0,0,0
18ce01f4-2a09-4260-9a1a-b123db618ece,Quail,0,0,0
18ce01f4-2a09-4260-9a1a-b123db618ece,Rebor machine,0,0,0
18ce01f4-2a09-4260-9a1a-b123db618ece,Spool gun,0,0,0
18ce01f4-2a09-4260-9a1a-b123db618ece,Stretcher,0,0,0
18ce01f4-2a09-4260-9a1a-b123db618ece,Tower warmer,0,0,0
18ce01f4-2a09-4260-9a1a-b123db618ece,Tyre repairer,0,0,0
18ce01f4-2a09-4260-9a1a-b123db618ece,Washing machine,0,0,0
18ce01f4-2a09-4260-9a1a-b123db618ece,Water pump machine,0,0,0
18ce01f4-2a09-4260-9a1a-b123db618ece,Welder,0,0,0
1adf1ea7-4076-42fd-a247-9fa8ea5220d7,Atlas,0,0,0
1adf1ea7-4076-42fd-a247-9fa8ea5220d7,Circular machine,0,0,0
1adf1ea7-4076-42fd-a247-9fa8ea5220d7,Clipper,0,0,0
1adf1ea7-4076-42fd-a247-9fa8ea5220d7,Cutter,0,0,0
1adf1ea7-4076-42fd-a247-9fa8ea5220d7,Drier,0,0,0
1adf1ea7-4076-42fd-a247-9fa8ea5220d7,Filer,0,0,0
1adf1ea7-4076-42fd-a247-9fa8ea5220d7,Grinder,0,0,0
1adf1ea7-4076-42fd-a247-9fa8ea5220d7,Hair dryer,0,0,0
1adf1ea7-4076-42fd-a247-9fa8ea5220d7,Ice cream maker,0,0,0
1adf1ea7-4076-42fd-a247-9fa8ea5220d7,Industrial sewing machine,0,0,0
1adf1ea7-4076-42fd-a247-9fa8ea5220d7,Jigsaw machine,0,0,0
1adf1ea7-4076-42fd-a247-9fa8ea5220d7,Lister,0,0,0
1adf1ea7-4076-42fd-a247-9fa8ea5220d7,Mill,1,1,1
1adf1ea7-4076-42fd-a247-9fa8ea5220d7,Mixer,0,0,0
1adf1ea7-4076-42fd-a247-9fa8ea5220d7,Packing machine,0,0,0
1adf1ea7-4076-42fd-a247-9fa8ea5220d7,Photocopier,0,0,0
1adf1ea7-4076-42fd-a247-9fa8ea5220d7,Pressing Iron,0,0,0
1adf1ea7-4076-42fd-a247-9fa8ea5220d7,Quail,0,0,0
1adf1ea7-4076-42fd-a247-9fa8ea5220d7,Rebor machine,0,0,0
1adf1ea7-4076-42fd-a247-9fa8ea5220d7,Spool gun,0,0,0
1adf1ea7-4076-42fd-a247-9fa8ea5220d7,Stretcher,0,0,0
1adf1ea7-4076-42fd-a247-9fa8ea5220d7,Tower warmer,0,0,0
1adf1ea7-4076-42fd-a247-9fa8ea5220d7,Tyre repairer,0,0,0
1adf1ea7-4076-42fd-a247-9fa8ea5220d7,Washing machine,0,0,0
1adf1ea7-4076-42fd-a247-9fa8ea5220d7,Water pump machine,0,0,0
1adf1ea7-4076-42fd-a247-9fa8ea5220d7,Welder,0,0,0
1de177aa-bf46-45cb-a8bc-aab45d1e9d3f,Atlas,0,0,0
1de177aa-bf46-45cb-a8bc-aab45d1e9d3f,Circular machine,0,0,0
1de177aa-bf46-45cb-a8bc-aab45d1e9d3f,Clipper,0,0,0
1de177aa-bf46-45cb-a8bc-aab45d1e9d3f,Cutter,0,0,0
1de177aa-bf46-45cb-a8bc-aab45d1e9d3f,Drier,0,0,0
1de177aa-bf46-45cb-a8bc-aab45d1e9d3f,Filer,0,0,0
1de177aa-bf46-45cb-a8bc-aab45d1e9d3f,Grinder,0,0,0
1de177aa-bf46-45cb-a8bc-aab45d1e9d3f,Hair dryer,0,0,0
1de177aa-bf46-45cb-a8bc-aab45d1e9d3f,Ice cream maker,0,0,0
1de177aa-bf46-45cb-a8bc-aab45d1e9d3f,Industrial sewing machine,0,0,0
1de177aa-bf46-45cb-a8bc-aab45d1e9d3f,Jigsaw machine,0,0,0
1de177aa-bf46-45cb-a8bc-aab45d1e9d3f,Lister,0,0,0
1de177aa-bf46-45cb-a8bc-aab45d1e9d3f,Mill,0,0,0
1de177aa-bf46-45cb-a8bc-aab45d1e9d3f,Mixer,0,0,0
1de177aa-bf46-45cb-a8bc-aab45d1e9d3f,Packing machine,0,0,0
1de177aa-bf46-45cb-a8bc-aab45d1e9d3f,Photocopier,0,0,0
1de177aa-bf46-45cb-a8bc-aab45d1e9d3f,Pressing Iron,0,0,0
1de177aa-bf46-45cb-a8bc-aab45d1e9d3f,Quail,0,0,0
1de177aa-bf46-45cb-a8bc-aab45d1e9d3f,Rebor machine,1,4,2
1de177aa-bf46-45cb-a8bc-aab45d1e9d3f,Spool gun,0,0,0
1de177aa-bf46-45cb-a8bc-aab45d1e9d3f,Stretcher,0,0,0
1de177aa-bf46-45cb-a8bc-aab45d1e9d3f,Tower warmer,0,0,0
1de177aa-bf46-45cb-a8bc-aab45d1e9d3f,Tyre repairer,0,0,0
1de177aa-bf46-45cb-a8bc-aab45d1e9d3f,Washing machine,0,0,0
1de177aa-bf46-45cb-a8bc-aab45d1e9d3f,Water pump machine,0,0,0
1de177aa-bf46-45cb-a8bc-aab45d1e9d3f,Welder,0,0,0
1e7196af-7eae-4650-965c-78dc9957bd58,Atlas,0,0,0
1e7196af-7eae-4650-965c-78dc9957bd58,Circular machine,0,0,0
1e7196af-7eae-4650-965c-78dc9957bd58,Clipper,0,0,0
1e7196af-7eae-4650-965c-78dc9957bd58,Cutter,0,0,0
1e7196af-7eae-4650-965c-78dc9957bd58,Drier,0,0,0
1e7196af-7eae-4650-965c-78dc9957bd58,Filer,0,0,0
1e7196af-7eae-4650-965c-78dc9957bd58,Grinder,0,0,0
1e7196af-7eae-4650-965c-78dc9957bd58,Hair dryer,0,0,0
1e7196af-7eae-4650-965c-78dc9957bd58,Ice cream maker,0,0,0
1e7196af-7eae-4650-965c-78dc9957bd58,Industrial sewing machine,0,0,0
1e7196af-7eae-4650-965c-78dc9957bd58,Jigsaw machine,0,0,0
1e7196af-7eae-4650-965c-78dc9957bd58,Lister,0,0,0
1e7196af-7eae-4650-965c-78dc9957bd58,Mill,0,0,0
1e7196af-7eae-4650-965c-78dc9957bd58,Mixer,0,0,0
1e7196af-7eae-4650-965c-78dc9957bd58,Packing machine,0,0,0
1e7196af-7eae-4650-965c-78dc9957bd58,Photocopier,0,0,0
1e7196af-7eae-4650-965c-78dc9957bd58,Pressing Iron,0,0,0
1e7196af-7eae-4650-965c-78dc9957bd58,Quail,0,0,0
1e7196af-7eae-4650-965c-78dc9957bd58,Rebor machine,0,0,0
1e7196af-7eae-4650-965c-78dc9957bd58,Spool gun,1,4,1
1e7196af-7eae-4650-965c-78dc9957bd58,Stretcher,0,0,0
1e7196af-7eae-4650-965c-78dc9957bd58,Tower warmer,0,0,0
1e7196af-7eae-4650-965c-78dc9957bd58,Tyre repairer,0,0,0
1e7196af-7eae-4650-965c-78dc9957bd58,Washing machine,0,0,0
1e7196af-7eae-4650-965c-78dc9957bd58,Water pump machine,0,0,0
1e7196af-7eae-4650-965c-78dc9957bd58,Welder,4,4,1
229b44d5-1c1d-4cc7-822a-54a9a8a16f49,Atlas,0,0,0
229b44d5-1c1d-4cc7-822a-54a9a8a16f49,Circular machine,0,0,0
229b44d5-1c1d-4cc7-822a-54a9a8a16f49,Clipper,0,0,0
229b44d5-1c1d-4cc7-822a-54a9a8a16f49,Cutter,0,0,0
229b44d5-1c1d-4cc7-822a-54a9a8a16f49,Drier,0,0,0
229b44d5-1c1d-4cc7-822a-54a9a8a16f49,Filer,0,0,0
229b44d5-1c1d-4cc7-822a-54a9a8a16f49,Grinder,0,0,0
229b44d5-1c1d-4cc7-822a-54a9a8a16f49,Hair dryer,0,0,0
229b44d5-1c1d-4cc7-822a-54a9a8a16f49,Ice cream maker,0,0,0
229b44d5-1c1d-4cc7-822a-54a9a8a16f49,Industrial sewing machine,0,0,0
229b44d5-1c1d-4cc7-822a-54a9a8a16f49,Jigsaw machine,0,0,0
229b44d5-1c1d-4cc7-822a-54a9a8a16f49,Lister,0,0,0
229b44d5-1c1d-4cc7-822a-54a9a8a16f49,Mill,2,1,75
229b44d5-1c1d-4cc7-822a-54a9a8a16f49,Mixer,0,0,0
229b44d5-1c1d-4cc7-822a-54a9a8a16f49,Packing machine,0,0,0
229b44d5-1c1d-4cc7-822a-54a9a8a16f49,Photocopier,0,0,0
229b44d5-1c1d-4cc7-822a-54a9a8a16f49,Pressing Iron,0,0,0
229b44d5-1c1d-4cc7-822a-54a9a8a16f49,Quail,0,0,0
229b44d5-1c1d-4cc7-822a-54a9a8a16f49,Rebor machine,0,0,0
229b44d5-1c1d-4cc7-822a-54a9a8a16f49,Spool gun,0,0,0
229b44d5-1c1d-4cc7-822a-54a9a8a16f49,Stretcher,0,0,0
229b44d5-1c1d-4cc7-822a-54a9a8a16f49,Tower warmer,0,0,0
229b44d5-1c1d-4cc7-822a-54a9a8a16f49,Tyre repairer,0,0,0
229b44d5-1c1d-4cc7-822a-54a9a8a16f49,Washing machine,0,0,0
229b44d5-1c1d-4cc7-822a-54a9a8a16f49,Water pump machine,0,0,0
229b44d5-1c1d-4cc7-822a-54a9a8a16f49,Welder,0,0,0
238c5241-cc69-4362-b92b-5470733f18c7,Atlas,0,0,0
238c5241-cc69-4362-b92b-5470733f18c7,Circular machine,0,0,0
238c5241-cc69-4362-b92b-5470733f18c7,Clipper,0,0,0
238c5241-cc69-4362-b92b-5470733f18c7,Cutter,0,0,0
238c5241-cc69-4362-b92b-5470733f18c7,Drier,0,0,0
238c5241-cc69-4362-b92b-5470733f18c7,Filer,0,0,0
238c5241-cc69-4362-b92b-5470733f18c7,Grinder,2,4,10
238c5241-cc69-4362-b92b-5470733f18c7,Hair dryer,0,0,0
238c5241-cc69-4362-b92b-5470733f18c7,Ice cream maker,0,0,0
238c5241-cc69-4362-b92b-5470733f18c7,Industrial sewing machine,0,0,0
238c5241-cc69-4362-b92b-5470733f18c7,Jigsaw machine,0,0,0
238c5241-cc69-4362-b92b-5470733f18c7,Lister,0,0,0
238c5241-cc69-4362-b92b-5470733f18c7,Mill,0,0,0
238c5241-cc69-4362-b92b-5470733f18c7,Mixer,0,0,0
238c5241-cc69-4362-b92b-5470733f18c7,Packing machine,0,0,0
238c5241-cc69-4362-b92b-5470733f18c7,Photocopier,0,0,0
238c5241-cc69-4362-b92b-5470733f18c7,Pressing Iron,0,0,0
238c5241-cc69-4362-b92b-5470733f18c7,Quail,0,0,0
238c5241-cc69-4362-b92b-5470733f18c7,Rebor machine,0,0,0
238c5241-cc69-4362-b92b-5470733f18c7,Spool gun,0,0,0
238c5241-cc69-4362-b92b-5470733f18c7,Stretcher,0,0,0
238c5241-cc69-4362-b92b-5470733f18c7,Tower warmer,0,0,0
238c5241-cc69-4362-b92b-5470733f18c7,Tyre repairer,0,0,0
238c5241-cc69-4362-b92b-5470733f18c7,Washing machine,0,0,0
238c5241-cc69-4362-b92b-5470733f18c7,Water pump machine,0,0,0
238c5241-cc69-4362-b92b-5470733f18c7,Welder,0,0,0
297ce682-a449-4f5e-8d65-f5194d3c54c9,Atlas,0,0,0
297ce682-a449-4f5e-8d65-f5194d3c54c9,Circular machine,0,0,0
297ce682-a449-4f5e-8d65-f5194d3c54c9,Clipper,0,0,0
297ce682-a449-4f5e-8d65-f5194d3c54c9,Cutter,0,0,0
297ce682-a449-4f5e-8d65-f5194d3c54c9,Drier,0,0,0
297ce682-a449-4f5e-8d65-f5194d3c54c9,Filer,0,0,0
297ce682-a449-4f5e-8d65-f5194d3c54c9,Grinder,0,0,0
297ce682-a449-4f5e-8d65-f5194d3c54c9,Hair dryer,0,0,0
297ce682-a449-4f5e-8d65-f5194d3c54c9,Ice cream maker,0,0,0
297ce682-a449-4f5e-8d65-f5194d3c54c9,Industrial sewing machine,0,0,0
297ce682-a449-4f5e-8d65-f5194d3c54c9,Jigsaw machine,0,0,0
297ce682-a449-4f5e-8d65-f5194d3c54c9,Lister,0,0,0
297ce682-a449-4f5e-8d65-f5194d3c54c9,Mill,0,0,0
297ce682-a449-4f5e-8d65-f5194d3c54c9,Mixer,0,0,0
297ce682-a449-4f5e-8d65-f5194d3c54c9,Packing machine,0,0,0
297ce682-a449-4f5e-8d65-f5194d3c54c9,Photocopier,0,0,0
297ce682-a449-4f5e-8d65-f5194d3c54c9,Pressing Iron,2,4,1
297ce682-a449-4f5e-8d65-f5194d3c54c9,Quail,0,0,0
297ce682-a449-4f5e-8d65-f5194d3c54c9,Rebor machine,0,0,0
297ce682-a449-4f5e-8d65-f5194d3c54c9,Spool gun,0,0,0
297ce682-a449-4f5e-8d65-f5194d3c54c9,Stretcher,0,0,0
297ce682-a449-4f5e-8d65-f5194d3c54c9,Tower warmer,0,0,0
297ce682-a449-4f5e-8d65-f5194d3c54c9,Tyre repairer,0,0,0
297ce682-a449-4f5e-8d65-f5194d3c54c9,Washing machine,1,4,1
297ce682-a449-4f5e-8d65-f5194d3c54c9,Water pump machine,0,0,0
297ce682-a449-4f5e-8d65-f5194d3c54c9,Welder,0,0,0
2e112c22-0a7d-4913-b3bf-7e7118bc063e,Atlas,0,0,0
2e112c22-0a7d-4913-b3bf-7e7118bc063e,Circular machine,0,0,0
2e112c22-0a7d-4913-b3bf-7e7118bc063e,Clipper,0,0,0
2e112c22-0a7d-4913-b3bf-7e7118bc063e,Cutter,0,0,0
2e112c22-0a7d-4913-b3bf-7e7118bc063e,Drier,0,0,0
2e112c22-0a7d-4913-b3bf-7e7118bc063e,Filer,0,0,0
2e112c22-0a7d-4913-b3bf-7e7118bc063e,Grinder,0,0,0
2e112c22-0a7d-4913-b3bf-7e7118bc063e,Hair dryer,0,0,0
2e112c22-0a7d-4913-b3bf-7e7118bc063e,Ice cream maker,0,0,0
2e112c22-0a7d-4913-b3bf-7e7118bc063e,Industrial sewing machine,0,0,0
2e112c22-0a7d-4913-b3bf-7e7118bc063e,Jigsaw machine,0,0,0
2e112c22-0a7d-4913-b3bf-7e7118bc063e,Lister,0,0,0
2e112c22-0a7d-4913-b3bf-7e7118bc063e,Mill,0,0,0
2e112c22-0a7d-4913-b3bf-7e7118bc063e,Mixer,0,0,0
2e112c22-0a7d-4913-b3bf-7e7118bc063e,Packing machine,0,0,0
2e112c22-0a7d-4913-b3bf-7e7118bc063e,Photocopier,0,0,0
2e112c22-0a7d-4913-b3bf-7e7118bc063e,Pressing Iron,0,0,0
2e112c22-0a7d-4913-b3bf-7e7118bc063e,Quail,0,0,0
2e112c22-0a7d-4913-b3bf-7e7118bc063e,Rebor machine,0,0,0
2e112c22-0a7d-4913-b3bf-7e7118bc063e,Spool gun,0,0,0
2e112c22-0a7d-4913-b3bf-7e7118bc063e,Stretcher,0,0,0
2e112c22-0a7d-4913-b3bf-7e7118bc063e,Tower warmer,0,0,0
2e112c22-0a7d-4913-b3bf-7e7118bc063e,Tyre repairer,0,0,0
2e112c22-0a7d-4913-b3bf-7e7118bc063e,Washing machine,0,0,0
2e112c22-0a7d-4913-b3bf-7e7118bc063e,Water pump machine,0,0,0
2e112c22-0a7d-4913-b3bf-7e7118bc063e,Welder,1,4,12
33dd07b4-a8d0-45e8-a4fd-d369119d681e,Atlas,0,0,0
33dd07b4-a8d0-45e8-a4fd-d369119d681e,Circular machine,0,0,0
33dd07b4-a8d0-45e8-a4fd-d369119d681e,Clipper,0,0,0
33dd07b4-a8d0-45e8-a4fd-d369119d681e,Cutter,0,0,0
33dd07b4-a8d0-45e8-a4fd-d369119d681e,Drier,0,0,0
33dd07b4-a8d0-45e8-a4fd-d369119d681e,Filer,0,0,0
33dd07b4-a8d0-45e8-a4fd-d369119d681e,Grinder,0,0,0
33dd07b4-a8d0-45e8-a4fd-d369119d681e,Hair dryer,0,0,0
33dd07b4-a8d0-45e8-a4fd-d369119d681e,Ice cream maker,0,0,0
33dd07b4-a8d0-45e8-a4fd-d369119d681e,Industrial sewing machine,0,0,0
33dd07b4-a8d0-45e8-a4fd-d369119d681e,Jigsaw machine,0,0,0
33dd07b4-a8d0-45e8-a4fd-d369119d681e,Lister,0,0,0
33dd07b4-a8d0-45e8-a4fd-d369119d681e,Mill,0,0,0
33dd07b4-a8d0-45e8-a4fd-d369119d681e,Mixer,0,0,0
33dd07b4-a8d0-45e8-a4fd-d369119d681e,Packing machine,0,0,0
33dd07b4-a8d0-45e8-a4fd-d369119d681e,Photocopier,0,0,0
33dd07b4-a8d0-45e8-a4fd-d369119d681e,Pressing Iron,0,0,0
33dd07b4-a8d0-45e8-a4fd-d369119d681e,Quail,0,0,0
33dd07b4-a8d0-45e8-a4fd-d369119d681e,Rebor machine,0,0,0
33dd07b4-a8d0-45e8-a4fd-d369119d681e,Spool gun,0,0,0
33dd07b4-a8d0-45e8-a4fd-d369119d681e,Stretcher,0,0,0
33dd07b4-a8d0-45e8-a4fd-d369119d681e,Tower warmer,0,0,0
33dd07b4-a8d0-45e8-a4fd-d369119d681e,Tyre repairer,0,0,0
33dd07b4-a8d0-45e8-a4fd-d369119d681e,Washing machine,0,0,0
33dd07b4-a8d0-45e8-a4fd-d369119d681e,Water pump machine,0,0,0
33dd07b4-a8d0-45e8-a4fd-d369119d681e,Welder,1,4,1
33dd07b4-a8d0-45e8-a4fd-d369119d681e,Welder,1,4,1
35bfee23-4971-42b9-8538-399014d3e79a,Atlas,0,0,0
35bfee23-4971-42b9-8538-399014d3e79a,Circular machine,0,0,0
35bfee23-4971-42b9-8538-399014d3e79a,Clipper,0,0,0
35bfee23-4971-42b9-8538-399014d3e79a,Cutter,0,0,0
35bfee23-4971-42b9-8538-399014d3e79a,Drier,0,0,0
35bfee23-4971-42b9-8538-399014d3e79a,Filer,0,0,0
35bfee23-4971-42b9-8538-399014d3e79a,Grinder,1,1,1
35bfee23-4971-42b9-8538-399014d3e79a,Hair dryer,0,0,0
35bfee23-4971-42b9-8538-399014d3e79a,Ice cream maker,0,0,0
35bfee23-4971-42b9-8538-399014d3e79a,Industrial sewing machine,0,0,0
35bfee23-4971-42b9-8538-399014d3e79a,Jigsaw machine,0,0,0
35bfee23-4971-42b9-8538-399014d3e79a,Lister,0,0,0
35bfee23-4971-42b9-8538-399014d3e79a,Mill,0,0,0
35bfee23-4971-42b9-8538-399014d3e79a,Mixer,0,0,0
35bfee23-4971-42b9-8538-399014d3e79a,Packing machine,0,0,0
35bfee23-4971-42b9-8538-399014d3e79a,Photocopier,0,0,0
35bfee23-4971-42b9-8538-399014d3e79a,Pressing Iron,0,0,0
35bfee23-4971-42b9-8538-399014d3e79a,Quail,0,0,0
35bfee23-4971-42b9-8538-399014d3e79a,Rebor machine,0,0,0
35bfee23-4971-42b9-8538-399014d3e79a,Spool gun,0,0,0
35bfee23-4971-42b9-8538-399014d3e79a,Stretcher,0,0,0
35bfee23-4971-42b9-8538-399014d3e79a,Tower warmer,0,0,0
35bfee23-4971-42b9-8538-399014d3e79a,Tyre repairer,0,0,0
35bfee23-4971-42b9-8538-399014d3e79a,Washing machine,0,0,0
35bfee23-4971-42b9-8538-399014d3e79a,Water pump machine,0,0,0
35bfee23-4971-42b9-8538-399014d3e79a,Welder,0,0,0
3b14ede8-59b2-4f6b-bc38-fe1163a44043,Atlas,0,0,0
3b14ede8-59b2-4f6b-bc38-fe1163a44043,Circular machine,0,0,0
3b14ede8-59b2-4f6b-bc38-fe1163a44043,Clipper,0,0,0
3b14ede8-59b2-4f6b-bc38-fe1163a44043,Cutter,0,0,0
3b14ede8-59b2-4f6b-bc38-fe1163a44043,Drier,0,0,0
3b14ede8-59b2-4f6b-bc38-fe1163a44043,Filer,0,0,0
3b14ede8-59b2-4f6b-bc38-fe1163a44043,Grinder,0,0,0
3b14ede8-59b2-4f6b-bc38-fe1163a44043,Hair dryer,0,0,0
3b14ede8-59b2-4f6b-bc38-fe1163a44043,Ice cream maker,0,0,0
3b14ede8-59b2-4f6b-bc38-fe1163a44043,Industrial sewing machine,0,0,0
3b14ede8-59b2-4f6b-bc38-fe1163a44043,Jigsaw machine,0,0,0
3b14ede8-59b2-4f6b-bc38-fe1163a44043,Lister,0,0,0
3b14ede8-59b2-4f6b-bc38-fe1163a44043,Mill,0,0,0
3b14ede8-59b2-4f6b-bc38-fe1163a44043,Mixer,0,0,0
3b14ede8-59b2-4f6b-bc38-fe1163a44043,Packing machine,1,4,13
3b14ede8-59b2-4f6b-bc38-fe1163a44043,Photocopier,0,0,0
3b14ede8-59b2-4f6b-bc38-fe1163a44043,Pressing Iron,0,0,0
3b14ede8-59b2-4f6b-bc38-fe1163a44043,Quail,0,0,0
3b14ede8-59b2-4f6b-bc38-fe1163a44043,Rebor machine,0,0,0
3b14ede8-59b2-4f6b-bc38-fe1163a44043,Spool gun,0,0,0
3b14ede8-59b2-4f6b-bc38-fe1163a44043,Stretcher,0,0,0
3b14ede8-59b2-4f6b-bc38-fe1163a44043,Tower warmer,0,0,0
3b14ede8-59b2-4f6b-bc38-fe1163a44043,Tyre repairer,0,0,0
3b14ede8-59b2-4f6b-bc38-fe1163a44043,Washing machine,0,0,0
3b14ede8-59b2-4f6b-bc38-fe1163a44043,Water pump machine,0,0,0
3b14ede8-59b2-4f6b-bc38-fe1163a44043,Welder,0,0,0
3fc1a2b5-8e5e-4a35-94f8-e0cc59a4fbfa,Atlas,0,0,0
3fc1a2b5-8e5e-4a35-94f8-e0cc59a4fbfa,Circular machine,0,0,0
3fc1a2b5-8e5e-4a35-94f8-e0cc59a4fbfa,Clipper,0,0,0
3fc1a2b5-8e5e-4a35-94f8-e0cc59a4fbfa,Cutter,0,0,0
3fc1a2b5-8e5e-4a35-94f8-e0cc59a4fbfa,Drier,0,0,0
3fc1a2b5-8e5e-4a35-94f8-e0cc59a4fbfa,Filer,0,0,0
3fc1a2b5-8e5e-4a35-94f8-e0cc59a4fbfa,Grinder,2,4,99
3fc1a2b5-8e5e-4a35-94f8-e0cc59a4fbfa,Hair dryer,0,0,0
3fc1a2b5-8e5e-4a35-94f8-e0cc59a4fbfa,Ice cream maker,0,0,0
3fc1a2b5-8e5e-4a35-94f8-e0cc59a4fbfa,Industrial sewing machine,0,0,0
3fc1a2b5-8e5e-4a35-94f8-e0cc59a4fbfa,Jigsaw machine,0,0,0
3fc1a2b5-8e5e-4a35-94f8-e0cc59a4fbfa,Lister,0,0,0
3fc1a2b5-8e5e-4a35-94f8-e0cc59a4fbfa,Mill,0,0,0
3fc1a2b5-8e5e-4a35-94f8-e0cc59a4fbfa,Mixer,0,0,0
3fc1a2b5-8e5e-4a35-94f8-e0cc59a4fbfa,Packing machine,0,0,0
3fc1a2b5-8e5e-4a35-94f8-e0cc59a4fbfa,Photocopier,0,0,0
3fc1a2b5-8e5e-4a35-94f8-e0cc59a4fbfa,Pressing Iron,0,0,0
3fc1a2b5-8e5e-4a35-94f8-e0cc59a4fbfa,Quail,0,0,0
3fc1a2b5-8e5e-4a35-94f8-e0cc59a4fbfa,Rebor machine,0,0,0
3fc1a2b5-8e5e-4a35-94f8-e0cc59a4fbfa,Spool gun,0,0,0
3fc1a2b5-8e5e-4a35-94f8-e0cc59a4fbfa,Stretcher,0,0,0
3fc1a2b5-8e5e-4a35-94f8-e0cc59a4fbfa,Tower warmer,0,0,0
3fc1a2b5-8e5e-4a35-94f8-e0cc59a4fbfa,Tyre repairer,0,0,0
3fc1a2b5-8e5e-4a35-94f8-e0cc59a4fbfa,Washing machine,0,0,0
3fc1a2b5-8e5e-4a35-94f8-e0cc59a4fbfa,Water pump machine,0,0,0
3fc1a2b5-8e5e-4a35-94f8-e0cc59a4fbfa,Welder,0,0,0
3fe9c572-c12a-490a-bab2-5aa109a17a8b,Atlas,0,0,0
3fe9c572-c12a-490a-bab2-5aa109a17a8b,Circular machine,0,0,0
3fe9c572-c12a-490a-bab2-5aa109a17a8b,Clipper,0,0,0
3fe9c572-c12a-490a-bab2-5aa109a17a8b,Cutter,1,4,1
3fe9c572-c12a-490a-bab2-5aa109a17a8b,Drier,0,0,0
3fe9c572-c12a-490a-bab2-5aa109a17a8b,Filer,0,0,0
3fe9c572-c12a-490a-bab2-5aa109a17a8b,Grinder,1,4,1
3fe9c572-c12a-490a-bab2-5aa109a17a8b,Hair dryer,0,0,0
3fe9c572-c12a-490a-bab2-5aa109a17a8b,Ice cream maker,0,0,0
3fe9c572-c12a-490a-bab2-5aa109a17a8b,Industrial sewing machine,0,0,0
3fe9c572-c12a-490a-bab2-5aa109a17a8b,Jigsaw machine,0,0,0
3fe9c572-c12a-490a-bab2-5aa109a17a8b,Lister,0,0,0
3fe9c572-c12a-490a-bab2-5aa109a17a8b,Mill,0,0,0
3fe9c572-c12a-490a-bab2-5aa109a17a8b,Mixer,0,0,0
3fe9c572-c12a-490a-bab2-5aa109a17a8b,Packing machine,0,0,0
3fe9c572-c12a-490a-bab2-5aa109a17a8b,Photocopier,0,0,0
3fe9c572-c12a-490a-bab2-5aa109a17a8b,Pressing Iron,0,0,0
3fe9c572-c12a-490a-bab2-5aa109a17a8b,Quail,0,0,0
3fe9c572-c12a-490a-bab2-5aa109a17a8b,Rebor machine,0,0,0
3fe9c572-c12a-490a-bab2-5aa109a17a8b,Spool gun,0,0,0
3fe9c572-c12a-490a-bab2-5aa109a17a8b,Stretcher,0,0,0
3fe9c572-c12a-490a-bab2-5aa109a17a8b,Tower warmer,0,0,0
3fe9c572-c12a-490a-bab2-5aa109a17a8b,Tyre repairer,0,0,0
3fe9c572-c12a-490a-bab2-5aa109a17a8b,Washing machine,0,0,0
3fe9c572-c12a-490a-bab2-5aa109a17a8b,Water pump machine,0,0,0
3fe9c572-c12a-490a-bab2-5aa109a17a8b,Welder,1,4,1
46755e28-288a-4e02-93ed-7bc585ec9422,Atlas,0,0,0
46755e28-288a-4e02-93ed-7bc585ec9422,Circular machine,0,0,0
46755e28-288a-4e02-93ed-7bc585ec9422,Clipper,0,0,0
46755e28-288a-4e02-93ed-7bc585ec9422,Cutter,0,0,0
46755e28-288a-4e02-93ed-7bc585ec9422,Drier,0,0,0
46755e28-288a-4e02-93ed-7bc585ec9422,Filer,0,0,0
46755e28-288a-4e02-93ed-7bc585ec9422,Grinder,0,0,0
46755e28-288a-4e02-93ed-7bc585ec9422,Hair dryer,0,0,0
46755e28-288a-4e02-93ed-7bc585ec9422,Ice cream maker,0,0,0
46755e28-288a-4e02-93ed-7bc585ec9422,Industrial sewing machine,0,0,0
46755e28-288a-4e02-93ed-7bc585ec9422,Jigsaw machine,0,0,0
46755e28-288a-4e02-93ed-7bc585ec9422,Lister,0,0,0
46755e28-288a-4e02-93ed-7bc585ec9422,Mill,1,4,550
46755e28-288a-4e02-93ed-7bc585ec9422,Mixer,0,0,0
46755e28-288a-4e02-93ed-7bc585ec9422,Packing machine,0,0,0
46755e28-288a-4e02-93ed-7bc585ec9422,Photocopier,0,0,0
46755e28-288a-4e02-93ed-7bc585ec9422,Pressing Iron,0,0,0
46755e28-288a-4e02-93ed-7bc585ec9422,Quail,0,0,0
46755e28-288a-4e02-93ed-7bc585ec9422,Rebor machine,0,0,0
46755e28-288a-4e02-93ed-7bc585ec9422,Spool gun,0,0,0
46755e28-288a-4e02-93ed-7bc585ec9422,Stretcher,0,0,0
46755e28-288a-4e02-93ed-7bc585ec9422,Tower warmer,0,0,0
46755e28-288a-4e02-93ed-7bc585ec9422,Tyre repairer,0,0,0
46755e28-288a-4e02-93ed-7bc585ec9422,Washing machine,0,0,0
46755e28-288a-4e02-93ed-7bc585ec9422,Water pump machine,0,0,0
46755e28-288a-4e02-93ed-7bc585ec9422,Welder,1,3,1000
49c73551-17d1-4b40-a48e-4468136388d1,Atlas,0,0,0
49c73551-17d1-4b40-a48e-4468136388d1,Circular machine,0,0,0
49c73551-17d1-4b40-a48e-4468136388d1,Clipper,0,0,0
49c73551-17d1-4b40-a48e-4468136388d1,Cutter,0,0,0
49c73551-17d1-4b40-a48e-4468136388d1,Drier,0,0,0
49c73551-17d1-4b40-a48e-4468136388d1,Filer,0,0,0
49c73551-17d1-4b40-a48e-4468136388d1,Grinder,2,4,100
49c73551-17d1-4b40-a48e-4468136388d1,Hair dryer,0,0,0
49c73551-17d1-4b40-a48e-4468136388d1,Ice cream maker,0,0,0
49c73551-17d1-4b40-a48e-4468136388d1,Industrial sewing machine,0,0,0
49c73551-17d1-4b40-a48e-4468136388d1,Jigsaw machine,0,0,0
49c73551-17d1-4b40-a48e-4468136388d1,Lister,0,0,0
49c73551-17d1-4b40-a48e-4468136388d1,Mill,0,0,0
49c73551-17d1-4b40-a48e-4468136388d1,Mixer,0,0,0
49c73551-17d1-4b40-a48e-4468136388d1,Packing machine,0,0,0
49c73551-17d1-4b40-a48e-4468136388d1,Photocopier,0,0,0
49c73551-17d1-4b40-a48e-4468136388d1,Pressing Iron,0,0,0
49c73551-17d1-4b40-a48e-4468136388d1,Quail,0,0,0
49c73551-17d1-4b40-a48e-4468136388d1,Rebor machine,0,0,0
49c73551-17d1-4b40-a48e-4468136388d1,Spool gun,0,0,0
49c73551-17d1-4b40-a48e-4468136388d1,Stretcher,0,0,0
49c73551-17d1-4b40-a48e-4468136388d1,Tower warmer,0,0,0
49c73551-17d1-4b40-a48e-4468136388d1,Tyre repairer,0,0,0
49c73551-17d1-4b40-a48e-4468136388d1,Washing machine,0,0,0
49c73551-17d1-4b40-a48e-4468136388d1,Water pump machine,0,0,0
49c73551-17d1-4b40-a48e-4468136388d1,Welder,0,0,0
49f7ed33-77ad-4901-a8bb-d8824a19c94e,Atlas,0,0,0
49f7ed33-77ad-4901-a8bb-d8824a19c94e,Circular machine,0,0,0
49f7ed33-77ad-4901-a8bb-d8824a19c94e,Clipper,0,0,0
49f7ed33-77ad-4901-a8bb-d8824a19c94e,Cutter,0,0,0
49f7ed33-77ad-4901-a8bb-d8824a19c94e,Drier,0,0,0
49f7ed33-77ad-4901-a8bb-d8824a19c94e,Filer,0,0,0
49f7ed33-77ad-4901-a8bb-d8824a19c94e,Grinder,0,0,0
49f7ed33-77ad-4901-a8bb-d8824a19c94e,Hair dryer,0,0,0
49f7ed33-77ad-4901-a8bb-d8824a19c94e,Ice cream maker,0,0,0
49f7ed33-77ad-4901-a8bb-d8824a19c94e,Industrial sewing machine,0,0,0
49f7ed33-77ad-4901-a8bb-d8824a19c94e,Jigsaw machine,0,0,0
49f7ed33-77ad-4901-a8bb-d8824a19c94e,Lister,0,0,0
49f7ed33-77ad-4901-a8bb-d8824a19c94e,Mill,1,4,1
49f7ed33-77ad-4901-a8bb-d8824a19c94e,Mixer,0,0,0
49f7ed33-77ad-4901-a8bb-d8824a19c94e,Packing machine,0,0,0
49f7ed33-77ad-4901-a8bb-d8824a19c94e,Photocopier,0,0,0
49f7ed33-77ad-4901-a8bb-d8824a19c94e,Pressing Iron,0,0,0
49f7ed33-77ad-4901-a8bb-d8824a19c94e,Quail,0,0,0
49f7ed33-77ad-4901-a8bb-d8824a19c94e,Rebor machine,0,0,0
49f7ed33-77ad-4901-a8bb-d8824a19c94e,Spool gun,0,0,0
49f7ed33-77ad-4901-a8bb-d8824a19c94e,Stretcher,0,0,0
49f7ed33-77ad-4901-a8bb-d8824a19c94e,Tower warmer,0,0,0
49f7ed33-77ad-4901-a8bb-d8824a19c94e,Tyre repairer,0,0,0
49f7ed33-77ad-4901-a8bb-d8824a19c94e,Washing machine,0,0,0
49f7ed33-77ad-4901-a8bb-d8824a19c94e,Water pump machine,0,0,0
49f7ed33-77ad-4901-a8bb-d8824a19c94e,Welder,0,0,0
4a985107-d8d5-4174-a1a8-dd531f0022e8,Atlas,0,0,0
4a985107-d8d5-4174-a1a8-dd531f0022e8,Circular machine,0,0,0
4a985107-d8d5-4174-a1a8-dd531f0022e8,Clipper,0,0,0
4a985107-d8d5-4174-a1a8-dd531f0022e8,Cutter,0,0,0
4a985107-d8d5-4174-a1a8-dd531f0022e8,Drier,0,0,0
4a985107-d8d5-4174-a1a8-dd531f0022e8,Filer,0,0,0
4a985107-d8d5-4174-a1a8-dd531f0022e8,Grinder,0,0,0
4a985107-d8d5-4174-a1a8-dd531f0022e8,Hair dryer,0,0,0
4a985107-d8d5-4174-a1a8-dd531f0022e8,Ice cream maker,0,0,0
4a985107-d8d5-4174-a1a8-dd531f0022e8,Industrial sewing machine,0,0,0
4a985107-d8d5-4174-a1a8-dd531f0022e8,Jigsaw machine,0,0,0
4a985107-d8d5-4174-a1a8-dd531f0022e8,Lister,0,0,0
4a985107-d8d5-4174-a1a8-dd531f0022e8,Mill,0,0,0
4a985107-d8d5-4174-a1a8-dd531f0022e8,Mixer,0,0,0
4a985107-d8d5-4174-a1a8-dd531f0022e8,Packing machine,0,0,0
4a985107-d8d5-4174-a1a8-dd531f0022e8,Photocopier,0,0,0
4a985107-d8d5-4174-a1a8-dd531f0022e8,Pressing Iron,0,0,0
4a985107-d8d5-4174-a1a8-dd531f0022e8,Quail,0,0,0
4a985107-d8d5-4174-a1a8-dd531f0022e8,Rebor machine,0,0,0
4a985107-d8d5-4174-a1a8-dd531f0022e8,Spool gun,0,0,0
4a985107-d8d5-4174-a1a8-dd531f0022e8,Stretcher,0,0,0
4a985107-d8d5-4174-a1a8-dd531f0022e8,Tower warmer,0,0,0
4a985107-d8d5-4174-a1a8-dd531f0022e8,Tyre repairer,0,0,0
4a985107-d8d5-4174-a1a8-dd531f0022e8,Washing machine,0,0,0
4a985107-d8d5-4174-a1a8-dd531f0022e8,Water pump machine,0,0,0
4a985107-d8d5-4174-a1a8-dd531f0022e8,Welder,1,4,1
4ec9e653-b230-44b6-b0ea-5062e27f542b,Atlas,0,0,0
4ec9e653-b230-44b6-b0ea-5062e27f542b,Circular machine,0,0,0
4ec9e653-b230-44b6-b0ea-5062e27f542b,Clipper,0,0,0
4ec9e653-b230-44b6-b0ea-5062e27f542b,Cutter,0,0,0
4ec9e653-b230-44b6-b0ea-5062e27f542b,Drier,0,0,0
4ec9e653-b230-44b6-b0ea-5062e27f542b,Filer,0,0,0
4ec9e653-b230-44b6-b0ea-5062e27f542b,Grinder,2,3,1
4ec9e653-b230-44b6-b0ea-5062e27f542b,Hair dryer,0,0,0
4ec9e653-b230-44b6-b0ea-5062e27f542b,Ice cream maker,0,0,0
4ec9e653-b230-44b6-b0ea-5062e27f542b,Industrial sewing machine,0,0,0
4ec9e653-b230-44b6-b0ea-5062e27f542b,Jigsaw machine,0,0,0
4ec9e653-b230-44b6-b0ea-5062e27f542b,Lister,0,0,0
4ec9e653-b230-44b6-b0ea-5062e27f542b,Mill,0,0,0
4ec9e653-b230-44b6-b0ea-5062e27f542b,Mixer,0,0,0
4ec9e653-b230-44b6-b0ea-5062e27f542b,Packing machine,0,0,0
4ec9e653-b230-44b6-b0ea-5062e27f542b,Photocopier,0,0,0
4ec9e653-b230-44b6-b0ea-5062e27f542b,Pressing Iron,0,0,0
4ec9e653-b230-44b6-b0ea-5062e27f542b,Quail,0,0,0
4ec9e653-b230-44b6-b0ea-5062e27f542b,Rebor machine,0,0,0
4ec9e653-b230-44b6-b0ea-5062e27f542b,Spool gun,0,0,0
4ec9e653-b230-44b6-b0ea-5062e27f542b,Stretcher,0,0,0
4ec9e653-b230-44b6-b0ea-5062e27f542b,Tower warmer,0,0,0
4ec9e653-b230-44b6-b0ea-5062e27f542b,Tyre repairer,0,0,0
4ec9e653-b230-44b6-b0ea-5062e27f542b,Washing machine,0,0,0
4ec9e653-b230-44b6-b0ea-5062e27f542b,Water pump machine,0,0,0
4ec9e653-b230-44b6-b0ea-5062e27f542b,Welder,0,0,0
64d66b1d-fcb8-4a56-91ce-2768bc5a2a6a,Atlas,0,0,0
64d66b1d-fcb8-4a56-91ce-2768bc5a2a6a,Circular machine,0,0,0
64d66b1d-fcb8-4a56-91ce-2768bc5a2a6a,Clipper,0,0,0
64d66b1d-fcb8-4a56-91ce-2768bc5a2a6a,Cutter,0,0,0
64d66b1d-fcb8-4a56-91ce-2768bc5a2a6a,Drier,0,0,0
64d66b1d-fcb8-4a56-91ce-2768bc5a2a6a,Filer,0,0,0
64d66b1d-fcb8-4a56-91ce-2768bc5a2a6a,Grinder,1,4,150
64d66b1d-fcb8-4a56-91ce-2768bc5a2a6a,Hair dryer,0,0,0
64d66b1d-fcb8-4a56-91ce-2768bc5a2a6a,Ice cream maker,0,0,0
64d66b1d-fcb8-4a56-91ce-2768bc5a2a6a,Industrial sewing machine,0,0,0
64d66b1d-fcb8-4a56-91ce-2768bc5a2a6a,Jigsaw machine,0,0,0
64d66b1d-fcb8-4a56-91ce-2768bc5a2a6a,Lister,0,0,0
64d66b1d-fcb8-4a56-91ce-2768bc5a2a6a,Mill,0,0,0
64d66b1d-fcb8-4a56-91ce-2768bc5a2a6a,Mixer,0,0,0
64d66b1d-fcb8-4a56-91ce-2768bc5a2a6a,Packing machine,0,0,0
64d66b1d-fcb8-4a56-91ce-2768bc5a2a6a,Photocopier,0,0,0
64d66b1d-fcb8-4a56-91ce-2768bc5a2a6a,Pressing Iron,0,0,0
64d66b1d-fcb8-4a56-91ce-2768bc5a2a6a,Quail,0,0,0
64d66b1d-fcb8-4a56-91ce-2768bc5a2a6a,Rebor machine,0,0,0
64d66b1d-fcb8-4a56-91ce-2768bc5a2a6a,Spool gun,0,0,0
64d66b1d-fcb8-4a56-91ce-2768bc5a2a6a,Stretcher,0,0,0
64d66b1d-fcb8-4a56-91ce-2768bc5a2a6a,Tower warmer,0,0,0
64d66b1d-fcb8-4a56-91ce-2768bc5a2a6a,Tyre repairer,0,0,0
64d66b1d-fcb8-4a56-91ce-2768bc5a2a6a,Washing machine,0,0,0
64d66b1d-fcb8-4a56-91ce-2768bc5a2a6a,Water pump machine,0,0,0
64d66b1d-fcb8-4a56-91ce-2768bc5a2a6a,Welder,0,0,0
6768ae9a-30b9-4350-a8f5-b6ea812739f5,Atlas,0,0,0
6768ae9a-30b9-4350-a8f5-b6ea812739f5,Circular machine,0,0,0
6768ae9a-30b9-4350-a8f5-b6ea812739f5,Clipper,0,0,0
6768ae9a-30b9-4350-a8f5-b6ea812739f5,Cutter,0,0,0
6768ae9a-30b9-4350-a8f5-b6ea812739f5,Drier,0,0,0
6768ae9a-30b9-4350-a8f5-b6ea812739f5,Filer,0,0,0
6768ae9a-30b9-4350-a8f5-b6ea812739f5,Grinder,0,0,0
6768ae9a-30b9-4350-a8f5-b6ea812739f5,Hair dryer,0,0,0
6768ae9a-30b9-4350-a8f5-b6ea812739f5,Ice cream maker,0,0,0
6768ae9a-30b9-4350-a8f5-b6ea812739f5,Industrial sewing machine,0,0,0
6768ae9a-30b9-4350-a8f5-b6ea812739f5,Jigsaw machine,0,0,0
6768ae9a-30b9-4350-a8f5-b6ea812739f5,Lister,3,1,5000
6768ae9a-30b9-4350-a8f5-b6ea812739f5,Mill,0,0,0
6768ae9a-30b9-4350-a8f5-b6ea812739f5,Mixer,0,0,0
6768ae9a-30b9-4350-a8f5-b6ea812739f5,Packing machine,0,0,0
6768ae9a-30b9-4350-a8f5-b6ea812739f5,Photocopier,0,0,0
6768ae9a-30b9-4350-a8f5-b6ea812739f5,Pressing Iron,0,0,0
6768ae9a-30b9-4350-a8f5-b6ea812739f5,Quail,0,0,0
6768ae9a-30b9-4350-a8f5-b6ea812739f5,Rebor machine,0,0,0
6768ae9a-30b9-4350-a8f5-b6ea812739f5,Spool gun,0,0,0
6768ae9a-30b9-4350-a8f5-b6ea812739f5,Stretcher,0,0,0
6768ae9a-30b9-4350-a8f5-b6ea812739f5,Tower warmer,0,0,0
6768ae9a-30b9-4350-a8f5-b6ea812739f5,Tyre repairer,0,0,0
6768ae9a-30b9-4350-a8f5-b6ea812739f5,Washing machine,0,0,0
6768ae9a-30b9-4350-a8f5-b6ea812739f5,Water pump machine,0,0,0
6768ae9a-30b9-4350-a8f5-b6ea812739f5,Welder,0,0,0
6854b5e4-543a-482f-a77b-9dc079b156d2,Atlas,0,0,0
6854b5e4-543a-482f-a77b-9dc079b156d2,Circular machine,0,0,0
6854b5e4-543a-482f-a77b-9dc079b156d2,Clipper,0,0,0
6854b5e4-543a-482f-a77b-9dc079b156d2,Cutter,0,0,0
6854b5e4-543a-482f-a77b-9dc079b156d2,Drier,0,0,0
6854b5e4-543a-482f-a77b-9dc079b156d2,Filer,0,0,0
6854b5e4-543a-482f-a77b-9dc079b156d2,Grinder,1,2,0
6854b5e4-543a-482f-a77b-9dc079b156d2,Hair dryer,0,0,0
6854b5e4-543a-482f-a77b-9dc079b156d2,Ice cream maker,0,0,0
6854b5e4-543a-482f-a77b-9dc079b156d2,Industrial sewing machine,0,0,0
6854b5e4-543a-482f-a77b-9dc079b156d2,Jigsaw machine,0,0,0
6854b5e4-543a-482f-a77b-9dc079b156d2,Lister,0,0,0
6854b5e4-543a-482f-a77b-9dc079b156d2,Mill,0,0,0
6854b5e4-543a-482f-a77b-9dc079b156d2,Mixer,0,0,0
6854b5e4-543a-482f-a77b-9dc079b156d2,Packing machine,0,0,0
6854b5e4-543a-482f-a77b-9dc079b156d2,Photocopier,0,0,0
6854b5e4-543a-482f-a77b-9dc079b156d2,Pressing Iron,0,0,0
6854b5e4-543a-482f-a77b-9dc079b156d2,Quail,0,0,0
6854b5e4-543a-482f-a77b-9dc079b156d2,Rebor machine,0,0,0
6854b5e4-543a-482f-a77b-9dc079b156d2,Spool gun,0,0,0
6854b5e4-543a-482f-a77b-9dc079b156d2,Stretcher,0,0,0
6854b5e4-543a-482f-a77b-9dc079b156d2,Tower warmer,0,0,0
6854b5e4-543a-482f-a77b-9dc079b156d2,Tyre repairer,0,0,0
6854b5e4-543a-482f-a77b-9dc079b156d2,Washing machine,0,0,0
6854b5e4-543a-482f-a77b-9dc079b156d2,Water pump machine,0,0,0
6854b5e4-543a-482f-a77b-9dc079b156d2,Welder,0,0,0
685d19a0-e685-470c-a083-6d0b4e02847d,Atlas,0,0,0
685d19a0-e685-470c-a083-6d0b4e02847d,Circular machine,0,0,0
685d19a0-e685-470c-a083-6d0b4e02847d,Clipper,0,0,0
685d19a0-e685-470c-a083-6d0b4e02847d,Cutter,0,0,0
685d19a0-e685-470c-a083-6d0b4e02847d,Drier,0,0,0
685d19a0-e685-470c-a083-6d0b4e02847d,Filer,0,0,0
685d19a0-e685-470c-a083-6d0b4e02847d,Grinder,1,1,1
685d19a0-e685-470c-a083-6d0b4e02847d,Hair dryer,0,0,0
685d19a0-e685-470c-a083-6d0b4e02847d,Ice cream maker,0,0,0
685d19a0-e685-470c-a083-6d0b4e02847d,Industrial sewing machine,0,0,0
685d19a0-e685-470c-a083-6d0b4e02847d,Jigsaw machine,0,0,0
685d19a0-e685-470c-a083-6d0b4e02847d,Lister,0,0,0
685d19a0-e685-470c-a083-6d0b4e02847d,Mill,0,0,0
685d19a0-e685-470c-a083-6d0b4e02847d,Mixer,0,0,0
685d19a0-e685-470c-a083-6d0b4e02847d,Packing machine,0,0,0
685d19a0-e685-470c-a083-6d0b4e02847d,Photocopier,0,0,0
685d19a0-e685-470c-a083-6d0b4e02847d,Pressing Iron,0,0,0
685d19a0-e685-470c-a083-6d0b4e02847d,Quail,0,0,0
685d19a0-e685-470c-a083-6d0b4e02847d,Rebor machine,0,0,0
685d19a0-e685-470c-a083-6d0b4e02847d,Spool gun,0,0,0
685d19a0-e685-470c-a083-6d0b4e02847d,Stretcher,0,0,0
685d19a0-e685-470c-a083-6d0b4e02847d,Tower warmer,0,0,0
685d19a0-e685-470c-a083-6d0b4e02847d,Tyre repairer,0,0,0
685d19a0-e685-470c-a083-6d0b4e02847d,Washing machine,0,0,0
685d19a0-e685-470c-a083-6d0b4e02847d,Water pump machine,0,0,0
685d19a0-e685-470c-a083-6d0b4e02847d,Welder,0,0,0
6a83a66c-55c9-4de0-a8cd-e322aa185af1,Atlas,0,0,0
6a83a66c-55c9-4de0-a8cd-e322aa185af1,Circular machine,0,0,0
6a83a66c-55c9-4de0-a8cd-e322aa185af1,Clipper,0,0,0
6a83a66c-55c9-4de0-a8cd-e322aa185af1,Cutter,0,0,0
6a83a66c-55c9-4de0-a8cd-e322aa185af1,Drier,0,0,0
6a83a66c-55c9-4de0-a8cd-e322aa185af1,Filer,0,0,0
6a83a66c-55c9-4de0-a8cd-e322aa185af1,Grinder,0,0,0
6a83a66c-55c9-4de0-a8cd-e322aa185af1,Hair dryer,0,0,0
6a83a66c-55c9-4de0-a8cd-e322aa185af1,Ice cream maker,0,0,0
6a83a66c-55c9-4de0-a8cd-e322aa185af1,Industrial sewing machine,0,0,0
6a83a66c-55c9-4de0-a8cd-e322aa185af1,Jigsaw machine,0,0,0
6a83a66c-55c9-4de0-a8cd-e322aa185af1,Lister,0,0,0
6a83a66c-55c9-4de0-a8cd-e322aa185af1,Mill,1,2,75
6a83a66c-55c9-4de0-a8cd-e322aa185af1,Mixer,0,0,0
6a83a66c-55c9-4de0-a8cd-e322aa185af1,Packing machine,0,0,0
6a83a66c-55c9-4de0-a8cd-e322aa185af1,Photocopier,0,0,0
6a83a66c-55c9-4de0-a8cd-e322aa185af1,Pressing Iron,0,0,0
6a83a66c-55c9-4de0-a8cd-e322aa185af1,Quail,0,0,0
6a83a66c-55c9-4de0-a8cd-e322aa185af1,Rebor machine,0,0,0
6a83a66c-55c9-4de0-a8cd-e322aa185af1,Spool gun,0,0,0
6a83a66c-55c9-4de0-a8cd-e322aa185af1,Stretcher,0,0,0
6a83a66c-55c9-4de0-a8cd-e322aa185af1,Tower warmer,0,0,0
6a83a66c-55c9-4de0-a8cd-e322aa185af1,Tyre repairer,0,0,0
6a83a66c-55c9-4de0-a8cd-e322aa185af1,Washing machine,0,0,0
6a83a66c-55c9-4de0-a8cd-e322aa185af1,Water pump machine,0,0,0
6a83a66c-55c9-4de0-a8cd-e322aa185af1,Welder,0,0,0
6c7de6f8-9b6b-4d33-9279-995bbf585dd3,Atlas,0,0,0
6c7de6f8-9b6b-4d33-9279-995bbf585dd3,Circular machine,0,0,0
6c7de6f8-9b6b-4d33-9279-995bbf585dd3,Clipper,0,0,0
6c7de6f8-9b6b-4d33-9279-995bbf585dd3,Cutter,0,0,0
6c7de6f8-9b6b-4d33-9279-995bbf585dd3,Drier,0,0,0
6c7de6f8-9b6b-4d33-9279-995bbf585dd3,Filer,3,2,1
6c7de6f8-9b6b-4d33-9279-995bbf585dd3,Grinder,0,0,0
6c7de6f8-9b6b-4d33-9279-995bbf585dd3,Hair dryer,0,0,0
6c7de6f8-9b6b-4d33-9279-995bbf585dd3,Ice cream maker,0,0,0
6c7de6f8-9b6b-4d33-9279-995bbf585dd3,Industrial sewing machine,0,0,0
6c7de6f8-9b6b-4d33-9279-995bbf585dd3,Jigsaw machine,0,0,0
6c7de6f8-9b6b-4d33-9279-995bbf585dd3,Lister,0,0,0
6c7de6f8-9b6b-4d33-9279-995bbf585dd3,Mill,0,0,0
6c7de6f8-9b6b-4d33-9279-995bbf585dd3,Mixer,0,0,0
6c7de6f8-9b6b-4d33-9279-995bbf585dd3,Packing machine,0,0,0
6c7de6f8-9b6b-4d33-9279-995bbf585dd3,Photocopier,0,0,0
6c7de6f8-9b6b-4d33-9279-995bbf585dd3,Pressing Iron,0,0,0
6c7de6f8-9b6b-4d33-9279-995bbf585dd3,Quail,0,0,0
6c7de6f8-9b6b-4d33-9279-995bbf585dd3,Rebor machine,0,0,0
6c7de6f8-9b6b-4d33-9279-995bbf585dd3,Spool gun,0,0,0
6c7de6f8-9b6b-4d33-9279-995bbf585dd3,Stretcher,0,0,0
6c7de6f8-9b6b-4d33-9279-995bbf585dd3,Tower warmer,0,0,0
6c7de6f8-9b6b-4d33-9279-995bbf585dd3,Tyre repairer,0,0,0
6c7de6f8-9b6b-4d33-9279-995bbf585dd3,Washing machine,0,0,0
6c7de6f8-9b6b-4d33-9279-995bbf585dd3,Water pump machine,0,0,0
6c7de6f8-9b6b-4d33-9279-995bbf585dd3,Welder,0,0,0
6f7d1cd6-51f1-466b-bb05-418c1bb9973a,Atlas,0,0,0
6f7d1cd6-51f1-466b-bb05-418c1bb9973a,Circular machine,0,0,0
6f7d1cd6-51f1-466b-bb05-418c1bb9973a,Clipper,0,0,0
6f7d1cd6-51f1-466b-bb05-418c1bb9973a,Cutter,0,0,0
6f7d1cd6-51f1-466b-bb05-418c1bb9973a,Drier,0,0,0
6f7d1cd6-51f1-466b-bb05-418c1bb9973a,Filer,1,4,1
6f7d1cd6-51f1-466b-bb05-418c1bb9973a,Grinder,0,0,0
6f7d1cd6-51f1-466b-bb05-418c1bb9973a,Hair dryer,0,0,0
6f7d1cd6-51f1-466b-bb05-418c1bb9973a,Ice cream maker,0,0,0
6f7d1cd6-51f1-466b-bb05-418c1bb9973a,Industrial sewing machine,0,0,0
6f7d1cd6-51f1-466b-bb05-418c1bb9973a,Jigsaw machine,0,0,0
6f7d1cd6-51f1-466b-bb05-418c1bb9973a,Lister,0,0,0
6f7d1cd6-51f1-466b-bb05-418c1bb9973a,Mill,0,0,0
6f7d1cd6-51f1-466b-bb05-418c1bb9973a,Mixer,0,0,0
6f7d1cd6-51f1-466b-bb05-418c1bb9973a,Packing machine,0,0,0
6f7d1cd6-51f1-466b-bb05-418c1bb9973a,Photocopier,0,0,0
6f7d1cd6-51f1-466b-bb05-418c1bb9973a,Pressing Iron,0,0,0
6f7d1cd6-51f1-466b-bb05-418c1bb9973a,Quail,0,0,0
6f7d1cd6-51f1-466b-bb05-418c1bb9973a,Rebor machine,0,0,0
6f7d1cd6-51f1-466b-bb05-418c1bb9973a,Spool gun,0,0,0
6f7d1cd6-51f1-466b-bb05-418c1bb9973a,Stretcher,0,0,0
6f7d1cd6-51f1-466b-bb05-418c1bb9973a,Tower warmer,0,0,0
6f7d1cd6-51f1-466b-bb05-418c1bb9973a,Tyre repairer,0,0,0
6f7d1cd6-51f1-466b-bb05-418c1bb9973a,Washing machine,0,0,0
6f7d1cd6-51f1-466b-bb05-418c1bb9973a,Water pump machine,0,0,0
6f7d1cd6-51f1-466b-bb05-418c1bb9973a,Welder,2,4,1
70aba8f9-5dc9-430d-bc90-e3af856deb87,Atlas,0,0,0
70aba8f9-5dc9-430d-bc90-e3af856deb87,Circular machine,0,0,0
70aba8f9-5dc9-430d-bc90-e3af856deb87,Clipper,0,0,0
70aba8f9-5dc9-430d-bc90-e3af856deb87,Cutter,0,0,0
70aba8f9-5dc9-430d-bc90-e3af856deb87,Drier,0,0,0
70aba8f9-5dc9-430d-bc90-e3af856deb87,Filer,0,0,0
70aba8f9-5dc9-430d-bc90-e3af856deb87,Grinder,0,0,0
70aba8f9-5dc9-430d-bc90-e3af856deb87,Hair dryer,0,0,0
70aba8f9-5dc9-430d-bc90-e3af856deb87,Ice cream maker,0,0,0
70aba8f9-5dc9-430d-bc90-e3af856deb87,Industrial sewing machine,0,0,0
70aba8f9-5dc9-430d-bc90-e3af856deb87,Jigsaw machine,0,0,0
70aba8f9-5dc9-430d-bc90-e3af856deb87,Lister,0,0,0
70aba8f9-5dc9-430d-bc90-e3af856deb87,Mill,0,0,0
70aba8f9-5dc9-430d-bc90-e3af856deb87,Mixer,0,0,0
70aba8f9-5dc9-430d-bc90-e3af856deb87,Packing machine,0,0,0
70aba8f9-5dc9-430d-bc90-e3af856deb87,Photocopier,0,0,0
70aba8f9-5dc9-430d-bc90-e3af856deb87,Pressing Iron,0,0,0
70aba8f9-5dc9-430d-bc90-e3af856deb87,Quail,0,0,0
70aba8f9-5dc9-430d-bc90-e3af856deb87,Rebor machine,0,0,0
70aba8f9-5dc9-430d-bc90-e3af856deb87,Spool gun,0,0,0
70aba8f9-5dc9-430d-bc90-e3af856deb87,Stretcher,0,0,0
70aba8f9-5dc9-430d-bc90-e3af856deb87,Tower warmer,0,0,0
70aba8f9-5dc9-430d-bc90-e3af856deb87,Tyre repairer,0,0,0
70aba8f9-5dc9-430d-bc90-e3af856deb87,Washing machine,0,0,0
70aba8f9-5dc9-430d-bc90-e3af856deb87,Water pump machine,0,0,0
70aba8f9-5dc9-430d-bc90-e3af856deb87,Welder,5,4,2
7325b057-326e-4388-8714-fec13e8ac202,Atlas,0,0,0
7325b057-326e-4388-8714-fec13e8ac202,Circular machine,0,0,0
7325b057-326e-4388-8714-fec13e8ac202,Clipper,0,0,0
7325b057-326e-4388-8714-fec13e8ac202,Cutter,0,0,0
7325b057-326e-4388-8714-fec13e8ac202,Drier,0,0,0
7325b057-326e-4388-8714-fec13e8ac202,Filer,0,0,0
7325b057-326e-4388-8714-fec13e8ac202,Grinder,0,0,0
7325b057-326e-4388-8714-fec13e8ac202,Hair dryer,0,0,0
7325b057-326e-4388-8714-fec13e8ac202,Ice cream maker,0,0,0
7325b057-326e-4388-8714-fec13e8ac202,Industrial sewing machine,0,0,0
7325b057-326e-4388-8714-fec13e8ac202,Jigsaw machine,0,0,0
7325b057-326e-4388-8714-fec13e8ac202,Lister,0,0,0
7325b057-326e-4388-8714-fec13e8ac202,Mill,0,0,0
7325b057-326e-4388-8714-fec13e8ac202,Mixer,0,0,0
7325b057-326e-4388-8714-fec13e8ac202,Packing machine,0,0,0
7325b057-326e-4388-8714-fec13e8ac202,Photocopier,0,0,0
7325b057-326e-4388-8714-fec13e8ac202,Pressing Iron,0,0,0
7325b057-326e-4388-8714-fec13e8ac202,Quail,0,0,0
7325b057-326e-4388-8714-fec13e8ac202,Rebor machine,0,0,0
7325b057-326e-4388-8714-fec13e8ac202,Spool gun,0,0,0
7325b057-326e-4388-8714-fec13e8ac202,Stretcher,0,0,0
7325b057-326e-4388-8714-fec13e8ac202,Tower warmer,0,0,0
7325b057-326e-4388-8714-fec13e8ac202,Tyre repairer,0,0,0
7325b057-326e-4388-8714-fec13e8ac202,Washing machine,0,0,0
7325b057-326e-4388-8714-fec13e8ac202,Water pump machine,0,0,0
7325b057-326e-4388-8714-fec13e8ac202,Welder,5,3,4
732ba0b0-89e6-4ea0-a71f-b1a351fa407d,Atlas,0,0,0
732ba0b0-89e6-4ea0-a71f-b1a351fa407d,Circular machine,0,0,0
732ba0b0-89e6-4ea0-a71f-b1a351fa407d,Clipper,0,0,0
732ba0b0-89e6-4ea0-a71f-b1a351fa407d,Cutter,2,4,1
732ba0b0-89e6-4ea0-a71f-b1a351fa407d,Drier,0,0,0
732ba0b0-89e6-4ea0-a71f-b1a351fa407d,Filer,0,0,0
732ba0b0-89e6-4ea0-a71f-b1a351fa407d,Grinder,5,4,1
732ba0b0-89e6-4ea0-a71f-b1a351fa407d,Hair dryer,0,0,0
732ba0b0-89e6-4ea0-a71f-b1a351fa407d,Ice cream maker,0,0,0
732ba0b0-89e6-4ea0-a71f-b1a351fa407d,Industrial sewing machine,0,0,0
732ba0b0-89e6-4ea0-a71f-b1a351fa407d,Jigsaw machine,0,0,0
732ba0b0-89e6-4ea0-a71f-b1a351fa407d,Lister,0,0,0
732ba0b0-89e6-4ea0-a71f-b1a351fa407d,Mill,0,0,0
732ba0b0-89e6-4ea0-a71f-b1a351fa407d,Mixer,0,0,0
732ba0b0-89e6-4ea0-a71f-b1a351fa407d,Packing machine,0,0,0
732ba0b0-89e6-4ea0-a71f-b1a351fa407d,Photocopier,0,0,0
732ba0b0-89e6-4ea0-a71f-b1a351fa407d,Pressing Iron,0,0,0
732ba0b0-89e6-4ea0-a71f-b1a351fa407d,Quail,0,0,0
732ba0b0-89e6-4ea0-a71f-b1a351fa407d,Rebor machine,0,0,0
732ba0b0-89e6-4ea0-a71f-b1a351fa407d,Spool gun,0,0,0
732ba0b0-89e6-4ea0-a71f-b1a351fa407d,Stretcher,0,0,0
732ba0b0-89e6-4ea0-a71f-b1a351fa407d,Tower warmer,0,0,0
732ba0b0-89e6-4ea0-a71f-b1a351fa407d,Tyre repairer,0,0,0
732ba0b0-89e6-4ea0-a71f-b1a351fa407d,Washing machine,0,0,0
732ba0b0-89e6-4ea0-a71f-b1a351fa407d,Water pump machine,0,0,0
732ba0b0-89e6-4ea0-a71f-b1a351fa407d,Welder,2,4,1
7757f18a-ad4e-4fd8-8cec-146cd4762ad4,Atlas,0,0,0
7757f18a-ad4e-4fd8-8cec-146cd4762ad4,Circular machine,0,0,0
7757f18a-ad4e-4fd8-8cec-146cd4762ad4,Clipper,0,0,0
7757f18a-ad4e-4fd8-8cec-146cd4762ad4,Cutter,0,0,0
7757f18a-ad4e-4fd8-8cec-146cd4762ad4,Drier,0,0,0
7757f18a-ad4e-4fd8-8cec-146cd4762ad4,Filer,0,0,0
7757f18a-ad4e-4fd8-8cec-146cd4762ad4,Grinder,0,0,0
7757f18a-ad4e-4fd8-8cec-146cd4762ad4,Hair dryer,0,0,0
7757f18a-ad4e-4fd8-8cec-146cd4762ad4,Ice cream maker,0,0,0
7757f18a-ad4e-4fd8-8cec-146cd4762ad4,Industrial sewing machine,0,0,0
7757f18a-ad4e-4fd8-8cec-146cd4762ad4,Jigsaw machine,0,0,0
7757f18a-ad4e-4fd8-8cec-146cd4762ad4,Lister,0,0,0
7757f18a-ad4e-4fd8-8cec-146cd4762ad4,Mill,0,0,0
7757f18a-ad4e-4fd8-8cec-146cd4762ad4,Mixer,0,0,0
7757f18a-ad4e-4fd8-8cec-146cd4762ad4,Packing machine,0,0,0
7757f18a-ad4e-4fd8-8cec-146cd4762ad4,Photocopier,0,0,0
7757f18a-ad4e-4fd8-8cec-146cd4762ad4,Pressing Iron,0,0,0
7757f18a-ad4e-4fd8-8cec-146cd4762ad4,Quail,0,0,0
7757f18a-ad4e-4fd8-8cec-146cd4762ad4,Rebor machine,0,0,0
7757f18a-ad4e-4fd8-8cec-146cd4762ad4,Spool gun,0,0,0
7757f18a-ad4e-4fd8-8cec-146cd4762ad4,Stretcher,0,0,0
7757f18a-ad4e-4fd8-8cec-146cd4762ad4,Tower warmer,0,0,0
7757f18a-ad4e-4fd8-8cec-146cd4762ad4,Tyre repairer,1,3,1
7757f18a-ad4e-4fd8-8cec-146cd4762ad4,Washing machine,0,0,0
7757f18a-ad4e-4fd8-8cec-146cd4762ad4,Water pump machine,0,0,0
7757f18a-ad4e-4fd8-8cec-146cd4762ad4,Welder,0,0,0
77fc6877-47ba-4266-8569-f81f048ee295,Atlas,0,0,0
77fc6877-47ba-4266-8569-f81f048ee295,Circular machine,0,0,0
77fc6877-47ba-4266-8569-f81f048ee295,Clipper,0,0,0
77fc6877-47ba-4266-8569-f81f048ee295,Cutter,0,0,0
77fc6877-47ba-4266-8569-f81f048ee295,Drier,0,0,0
77fc6877-47ba-4266-8569-f81f048ee295,Filer,0,0,0
77fc6877-47ba-4266-8569-f81f048ee295,Grinder,0,0,0
77fc6877-47ba-4266-8569-f81f048ee295,Hair dryer,0,0,0
77fc6877-47ba-4266-8569-f81f048ee295,Ice cream maker,1,1,50
77fc6877-47ba-4266-8569-f81f048ee295,Ice cream maker,1,2,50
77fc6877-47ba-4266-8569-f81f048ee295,Industrial sewing machine,0,0,0
77fc6877-47ba-4266-8569-f81f048ee295,Jigsaw machine,0,0,0
77fc6877-47ba-4266-8569-f81f048ee295,Lister,0,0,0
77fc6877-47ba-4266-8569-f81f048ee295,Mill,0,0,0
77fc6877-47ba-4266-8569-f81f048ee295,Mixer,0,0,0
77fc6877-47ba-4266-8569-f81f048ee295,Packing machine,0,0,0
77fc6877-47ba-4266-8569-f81f048ee295,Photocopier,0,0,0
77fc6877-47ba-4266-8569-f81f048ee295,Pressing Iron,0,0,0
77fc6877-47ba-4266-8569-f81f048ee295,Quail,0,0,0
77fc6877-47ba-4266-8569-f81f048ee295,Rebor machine,0,0,0
77fc6877-47ba-4266-8569-f81f048ee295,Spool gun,0,0,0
77fc6877-47ba-4266-8569-f81f048ee295,Stretcher,0,0,0
77fc6877-47ba-4266-8569-f81f048ee295,Tower warmer,0,0,0
77fc6877-47ba-4266-8569-f81f048ee295,Tyre repairer,0,0,0
77fc6877-47ba-4266-8569-f81f048ee295,Washing machine,0,0,0
77fc6877-47ba-4266-8569-f81f048ee295,Water pump machine,0,0,0
77fc6877-47ba-4266-8569-f81f048ee295,Welder,0,0,0
87d213e8-1645-4e2d-a00d-3ca932fd1aa5,Atlas,0,0,0
87d213e8-1645-4e2d-a00d-3ca932fd1aa5,Circular machine,0,0,0
87d213e8-1645-4e2d-a00d-3ca932fd1aa5,Clipper,0,0,0
87d213e8-1645-4e2d-a00d-3ca932fd1aa5,Cutter,1,4,1
87d213e8-1645-4e2d-a00d-3ca932fd1aa5,Drier,0,0,0
87d213e8-1645-4e2d-a00d-3ca932fd1aa5,Filer,0,0,0
87d213e8-1645-4e2d-a00d-3ca932fd1aa5,Grinder,0,0,0
87d213e8-1645-4e2d-a00d-3ca932fd1aa5,Hair dryer,0,0,0
87d213e8-1645-4e2d-a00d-3ca932fd1aa5,Ice cream maker,0,0,0
87d213e8-1645-4e2d-a00d-3ca932fd1aa5,Industrial sewing machine,0,0,0
87d213e8-1645-4e2d-a00d-3ca932fd1aa5,Jigsaw machine,0,0,0
87d213e8-1645-4e2d-a00d-3ca932fd1aa5,Lister,0,0,0
87d213e8-1645-4e2d-a00d-3ca932fd1aa5,Mill,0,0,0
87d213e8-1645-4e2d-a00d-3ca932fd1aa5,Mixer,0,0,0
87d213e8-1645-4e2d-a00d-3ca932fd1aa5,Packing machine,0,0,0
87d213e8-1645-4e2d-a00d-3ca932fd1aa5,Photocopier,0,0,0
87d213e8-1645-4e2d-a00d-3ca932fd1aa5,Pressing Iron,0,0,0
87d213e8-1645-4e2d-a00d-3ca932fd1aa5,Quail,0,0,0
87d213e8-1645-4e2d-a00d-3ca932fd1aa5,Rebor machine,0,0,0
87d213e8-1645-4e2d-a00d-3ca932fd1aa5,Spool gun,0,0,0
87d213e8-1645-4e2d-a00d-3ca932fd1aa5,Stretcher,0,0,0
87d213e8-1645-4e2d-a00d-3ca932fd1aa5,Tower warmer,0,0,0
87d213e8-1645-4e2d-a00d-3ca932fd1aa5,Tyre repairer,0,0,0
87d213e8-1645-4e2d-a00d-3ca932fd1aa5,Washing machine,0,0,0
87d213e8-1645-4e2d-a00d-3ca932fd1aa5,Water pump machine,0,0,0
87d213e8-1645-4e2d-a00d-3ca932fd1aa5,Welder,0,0,0
887560c4-6a9a-4186-8b1e-57803c82f214,Atlas,0,0,0
887560c4-6a9a-4186-8b1e-57803c82f214,Circular machine,0,0,0
887560c4-6a9a-4186-8b1e-57803c82f214,Clipper,0,0,0
887560c4-6a9a-4186-8b1e-57803c82f214,Cutter,0,0,0
887560c4-6a9a-4186-8b1e-57803c82f214,Drier,0,0,0
887560c4-6a9a-4186-8b1e-57803c82f214,Filer,0,0,0
887560c4-6a9a-4186-8b1e-57803c82f214,Grinder,1,4,50
887560c4-6a9a-4186-8b1e-57803c82f214,Hair dryer,0,0,0
887560c4-6a9a-4186-8b1e-57803c82f214,Ice cream maker,0,0,0
887560c4-6a9a-4186-8b1e-57803c82f214,Industrial sewing machine,0,0,0
887560c4-6a9a-4186-8b1e-57803c82f214,Jigsaw machine,0,0,0
887560c4-6a9a-4186-8b1e-57803c82f214,Lister,0,0,0
887560c4-6a9a-4186-8b1e-57803c82f214,Mill,0,0,0
887560c4-6a9a-4186-8b1e-57803c82f214,Mixer,0,0,0
887560c4-6a9a-4186-8b1e-57803c82f214,Packing machine,0,0,0
887560c4-6a9a-4186-8b1e-57803c82f214,Photocopier,0,0,0
887560c4-6a9a-4186-8b1e-57803c82f214,Pressing Iron,0,0,0
887560c4-6a9a-4186-8b1e-57803c82f214,Quail,0,0,0
887560c4-6a9a-4186-8b1e-57803c82f214,Rebor machine,0,0,0
887560c4-6a9a-4186-8b1e-57803c82f214,Spool gun,0,0,0
887560c4-6a9a-4186-8b1e-57803c82f214,Stretcher,0,0,0
887560c4-6a9a-4186-8b1e-57803c82f214,Tower warmer,0,0,0
887560c4-6a9a-4186-8b1e-57803c82f214,Tyre repairer,0,0,0
887560c4-6a9a-4186-8b1e-57803c82f214,Washing machine,0,0,0
887560c4-6a9a-4186-8b1e-57803c82f214,Water pump machine,0,0,0
887560c4-6a9a-4186-8b1e-57803c82f214,Welder,0,0,0
8ee25828-5c18-428c-906a-132d48d1452c,Atlas,0,0,0
8ee25828-5c18-428c-906a-132d48d1452c,Circular machine,0,0,0
8ee25828-5c18-428c-906a-132d48d1452c,Clipper,0,0,0
8ee25828-5c18-428c-906a-132d48d1452c,Cutter,0,0,0
8ee25828-5c18-428c-906a-132d48d1452c,Drier,0,0,0
8ee25828-5c18-428c-906a-132d48d1452c,Filer,0,0,0
8ee25828-5c18-428c-906a-132d48d1452c,Grinder,0,0,0
8ee25828-5c18-428c-906a-132d48d1452c,Hair dryer,0,0,0
8ee25828-5c18-428c-906a-132d48d1452c,Ice cream maker,0,0,0
8ee25828-5c18-428c-906a-132d48d1452c,Industrial sewing machine,0,0,0
8ee25828-5c18-428c-906a-132d48d1452c,Jigsaw machine,0,0,0
8ee25828-5c18-428c-906a-132d48d1452c,Lister,0,0,0
8ee25828-5c18-428c-906a-132d48d1452c,Mill,0,0,0
8ee25828-5c18-428c-906a-132d48d1452c,Mixer,0,0,0
8ee25828-5c18-428c-906a-132d48d1452c,Packing machine,0,0,0
8ee25828-5c18-428c-906a-132d48d1452c,Photocopier,1,2,1
8ee25828-5c18-428c-906a-132d48d1452c,Pressing Iron,0,0,0
8ee25828-5c18-428c-906a-132d48d1452c,Quail,0,0,0
8ee25828-5c18-428c-906a-132d48d1452c,Rebor machine,0,0,0
8ee25828-5c18-428c-906a-132d48d1452c,Spool gun,0,0,0
8ee25828-5c18-428c-906a-132d48d1452c,Stretcher,0,0,0
8ee25828-5c18-428c-906a-132d48d1452c,Tower warmer,0,0,0
8ee25828-5c18-428c-906a-132d48d1452c,Tyre repairer,0,0,0
8ee25828-5c18-428c-906a-132d48d1452c,Washing machine,0,0,0
8ee25828-5c18-428c-906a-132d48d1452c,Water pump machine,0,0,0
8ee25828-5c18-428c-906a-132d48d1452c,Welder,0,0,0
93f0b9c6-d172-4fd8-a6ae-f374322f7654,Atlas,0,0,0
93f0b9c6-d172-4fd8-a6ae-f374322f7654,Circular machine,0,0,0
93f0b9c6-d172-4fd8-a6ae-f374322f7654,Clipper,0,0,0
93f0b9c6-d172-4fd8-a6ae-f374322f7654,Cutter,0,0,0
93f0b9c6-d172-4fd8-a6ae-f374322f7654,Drier,0,0,0
93f0b9c6-d172-4fd8-a6ae-f374322f7654,Filer,0,0,0
93f0b9c6-d172-4fd8-a6ae-f374322f7654,Grinder,0,0,0
93f0b9c6-d172-4fd8-a6ae-f374322f7654,Hair dryer,0,0,0
93f0b9c6-d172-4fd8-a6ae-f374322f7654,Ice cream maker,0,0,0
93f0b9c6-d172-4fd8-a6ae-f374322f7654,Industrial sewing machine,0,0,0
93f0b9c6-d172-4fd8-a6ae-f374322f7654,Jigsaw machine,0,0,0
93f0b9c6-d172-4fd8-a6ae-f374322f7654,Lister,0,0,0
93f0b9c6-d172-4fd8-a6ae-f374322f7654,Mill,1,2,70
93f0b9c6-d172-4fd8-a6ae-f374322f7654,Mixer,0,0,0
93f0b9c6-d172-4fd8-a6ae-f374322f7654,Packing machine,0,0,0
93f0b9c6-d172-4fd8-a6ae-f374322f7654,Photocopier,0,0,0
93f0b9c6-d172-4fd8-a6ae-f374322f7654,Pressing Iron,0,0,0
93f0b9c6-d172-4fd8-a6ae-f374322f7654,Quail,0,0,0
93f0b9c6-d172-4fd8-a6ae-f374322f7654,Rebor machine,0,0,0
93f0b9c6-d172-4fd8-a6ae-f374322f7654,Spool gun,0,0,0
93f0b9c6-d172-4fd8-a6ae-f374322f7654,Stretcher,0,0,0
93f0b9c6-d172-4fd8-a6ae-f374322f7654,Tower warmer,0,0,0
93f0b9c6-d172-4fd8-a6ae-f374322f7654,Tyre repairer,0,0,0
93f0b9c6-d172-4fd8-a6ae-f374322f7654,Washing machine,0,0,0
93f0b9c6-d172-4fd8-a6ae-f374322f7654,Water pump machine,0,0,0
93f0b9c6-d172-4fd8-a6ae-f374322f7654,Welder,0,0,0
947f35ed-d726-474a-8115-29272fd00b80,Atlas,0,0,0
947f35ed-d726-474a-8115-29272fd00b80,Circular machine,0,0,0
947f35ed-d726-474a-8115-29272fd00b80,Clipper,0,0,0
947f35ed-d726-474a-8115-29272fd00b80,Cutter,0,0,0
947f35ed-d726-474a-8115-29272fd00b80,Drier,0,0,0
947f35ed-d726-474a-8115-29272fd00b80,Filer,0,0,0
947f35ed-d726-474a-8115-29272fd00b80,Grinder,1,4,1
947f35ed-d726-474a-8115-29272fd00b80,Hair dryer,0,0,0
947f35ed-d726-474a-8115-29272fd00b80,Ice cream maker,0,0,0
947f35ed-d726-474a-8115-29272fd00b80,Industrial sewing machine,0,0,0
947f35ed-d726-474a-8115-29272fd00b80,Jigsaw machine,0,0,0
947f35ed-d726-474a-8115-29272fd00b80,Lister,0,0,0
947f35ed-d726-474a-8115-29272fd00b80,Mill,0,0,0
947f35ed-d726-474a-8115-29272fd00b80,Mixer,0,0,0
947f35ed-d726-474a-8115-29272fd00b80,Packing machine,0,0,0
947f35ed-d726-474a-8115-29272fd00b80,Photocopier,0,0,0
947f35ed-d726-474a-8115-29272fd00b80,Pressing Iron,0,0,0
947f35ed-d726-474a-8115-29272fd00b80,Quail,0,0,0
947f35ed-d726-474a-8115-29272fd00b80,Rebor machine,0,0,0
947f35ed-d726-474a-8115-29272fd00b80,Spool gun,0,0,0
947f35ed-d726-474a-8115-29272fd00b80,Stretcher,0,0,0
947f35ed-d726-474a-8115-29272fd00b80,Tower warmer,0,0,0
947f35ed-d726-474a-8115-29272fd00b80,Tyre repairer,0,0,0
947f35ed-d726-474a-8115-29272fd00b80,Washing machine,0,0,0
947f35ed-d726-474a-8115-29272fd00b80,Water pump machine,0,0,0
947f35ed-d726-474a-8115-29272fd00b80,Welder,0,0,0
988d8f41-9b8b-497b-b5eb-5ec7b54aa6bb,Atlas,0,0,0
988d8f41-9b8b-497b-b5eb-5ec7b54aa6bb,Circular machine,0,0,0
988d8f41-9b8b-497b-b5eb-5ec7b54aa6bb,Clipper,0,0,0
988d8f41-9b8b-497b-b5eb-5ec7b54aa6bb,Cutter,0,0,0
988d8f41-9b8b-497b-b5eb-5ec7b54aa6bb,Drier,0,0,0
988d8f41-9b8b-497b-b5eb-5ec7b54aa6bb,Filer,0,0,0
988d8f41-9b8b-497b-b5eb-5ec7b54aa6bb,Grinder,0,0,0
988d8f41-9b8b-497b-b5eb-5ec7b54aa6bb,Hair dryer,0,0,0
988d8f41-9b8b-497b-b5eb-5ec7b54aa6bb,Ice cream maker,0,0,0
988d8f41-9b8b-497b-b5eb-5ec7b54aa6bb,Industrial sewing machine,0,0,0
988d8f41-9b8b-497b-b5eb-5ec7b54aa6bb,Jigsaw machine,0,0,0
988d8f41-9b8b-497b-b5eb-5ec7b54aa6bb,Lister,0,0,0
988d8f41-9b8b-497b-b5eb-5ec7b54aa6bb,Mill,0,0,0
988d8f41-9b8b-497b-b5eb-5ec7b54aa6bb,Mixer,0,0,0
988d8f41-9b8b-497b-b5eb-5ec7b54aa6bb,Packing machine,0,0,0
988d8f41-9b8b-497b-b5eb-5ec7b54aa6bb,Photocopier,0,0,0
988d8f41-9b8b-497b-b5eb-5ec7b54aa6bb,Pressing Iron,0,0,0
988d8f41-9b8b-497b-b5eb-5ec7b54aa6bb,Quail,0,0,0
988d8f41-9b8b-497b-b5eb-5ec7b54aa6bb,Rebor machine,0,0,0
988d8f41-9b8b-497b-b5eb-5ec7b54aa6bb,Spool gun,0,0,0
988d8f41-9b8b-497b-b5eb-5ec7b54aa6bb,Stretcher,0,0,0
988d8f41-9b8b-497b-b5eb-5ec7b54aa6bb,Tower warmer,1,4,1
988d8f41-9b8b-497b-b5eb-5ec7b54aa6bb,Tyre repairer,0,0,0
988d8f41-9b8b-497b-b5eb-5ec7b54aa6bb,Washing machine,0,0,0
988d8f41-9b8b-497b-b5eb-5ec7b54aa6bb,Water pump machine,0,0,0
988d8f41-9b8b-497b-b5eb-5ec7b54aa6bb,Welder,0,0,0
a693adfa-028b-4829-be00-76cec01693bb,Atlas,0,0,0
a693adfa-028b-4829-be00-76cec01693bb,Circular machine,0,0,0
a693adfa-028b-4829-be00-76cec01693bb,Clipper,0,0,0
a693adfa-028b-4829-be00-76cec01693bb,Cutter,2,4,1
a693adfa-028b-4829-be00-76cec01693bb,Drier,0,0,0
a693adfa-028b-4829-be00-76cec01693bb,Filer,0,0,0
a693adfa-028b-4829-be00-76cec01693bb,Grinder,0,0,0
a693adfa-028b-4829-be00-76cec01693bb,Hair dryer,0,0,0
a693adfa-028b-4829-be00-76cec01693bb,Ice cream maker,0,0,0
a693adfa-028b-4829-be00-76cec01693bb,Industrial sewing machine,0,0,0
a693adfa-028b-4829-be00-76cec01693bb,Jigsaw machine,0,0,0
a693adfa-028b-4829-be00-76cec01693bb,Lister,0,0,0
a693adfa-028b-4829-be00-76cec01693bb,Mill,1,4,1
a693adfa-028b-4829-be00-76cec01693bb,Mixer,0,0,0
a693adfa-028b-4829-be00-76cec01693bb,Packing machine,0,0,0
a693adfa-028b-4829-be00-76cec01693bb,Photocopier,0,0,0
a693adfa-028b-4829-be00-76cec01693bb,Pressing Iron,0,0,0
a693adfa-028b-4829-be00-76cec01693bb,Quail,0,0,0
a693adfa-028b-4829-be00-76cec01693bb,Rebor machine,0,0,0
a693adfa-028b-4829-be00-76cec01693bb,Spool gun,0,0,0
a693adfa-028b-4829-be00-76cec01693bb,Stretcher,0,0,0
a693adfa-028b-4829-be00-76cec01693bb,Tower warmer,0,0,0
a693adfa-028b-4829-be00-76cec01693bb,Tyre repairer,0,0,0
a693adfa-028b-4829-be00-76cec01693bb,Washing machine,0,0,0
a693adfa-028b-4829-be00-76cec01693bb,Water pump machine,0,0,0
a693adfa-028b-4829-be00-76cec01693bb,Welder,0,0,0
aaf4e6ab-a7c5-4a9e-a4d9-e4ada2aad6f8,Atlas,0,0,0
aaf4e6ab-a7c5-4a9e-a4d9-e4ada2aad6f8,Circular machine,0,0,0
aaf4e6ab-a7c5-4a9e-a4d9-e4ada2aad6f8,Clipper,0,0,0
aaf4e6ab-a7c5-4a9e-a4d9-e4ada2aad6f8,Cutter,0,0,0
aaf4e6ab-a7c5-4a9e-a4d9-e4ada2aad6f8,Drier,0,0,0
aaf4e6ab-a7c5-4a9e-a4d9-e4ada2aad6f8,Filer,0,0,0
aaf4e6ab-a7c5-4a9e-a4d9-e4ada2aad6f8,Grinder,0,0,0
aaf4e6ab-a7c5-4a9e-a4d9-e4ada2aad6f8,Hair dryer,0,0,0
aaf4e6ab-a7c5-4a9e-a4d9-e4ada2aad6f8,Ice cream maker,0,0,0
aaf4e6ab-a7c5-4a9e-a4d9-e4ada2aad6f8,Industrial sewing machine,0,0,0
aaf4e6ab-a7c5-4a9e-a4d9-e4ada2aad6f8,Jigsaw machine,0,0,0
aaf4e6ab-a7c5-4a9e-a4d9-e4ada2aad6f8,Lister,0,0,0
aaf4e6ab-a7c5-4a9e-a4d9-e4ada2aad6f8,Mill,0,0,0
aaf4e6ab-a7c5-4a9e-a4d9-e4ada2aad6f8,Mixer,0,0,0
aaf4e6ab-a7c5-4a9e-a4d9-e4ada2aad6f8,Packing machine,0,0,0
aaf4e6ab-a7c5-4a9e-a4d9-e4ada2aad6f8,Photocopier,0,0,0
aaf4e6ab-a7c5-4a9e-a4d9-e4ada2aad6f8,Pressing Iron,0,0,0
aaf4e6ab-a7c5-4a9e-a4d9-e4ada2aad6f8,Quail,0,0,0
aaf4e6ab-a7c5-4a9e-a4d9-e4ada2aad6f8,Rebor machine,0,0,0
aaf4e6ab-a7c5-4a9e-a4d9-e4ada2aad6f8,Spool gun,0,0,0
aaf4e6ab-a7c5-4a9e-a4d9-e4ada2aad6f8,Stretcher,0,0,0
aaf4e6ab-a7c5-4a9e-a4d9-e4ada2aad6f8,Tower warmer,0,0,0
aaf4e6ab-a7c5-4a9e-a4d9-e4ada2aad6f8,Tyre repairer,0,0,0
aaf4e6ab-a7c5-4a9e-a4d9-e4ada2aad6f8,Washing machine,0,0,0
aaf4e6ab-a7c5-4a9e-a4d9-e4ada2aad6f8,Water pump machine,0,0,0
aaf4e6ab-a7c5-4a9e-a4d9-e4ada2aad6f8,Welder,1,4,2
ac15cc12-e839-46fc-a556-f62c1596dea8,Atlas,0,0,0
ac15cc12-e839-46fc-a556-f62c1596dea8,Circular machine,1,3,1
ac15cc12-e839-46fc-a556-f62c1596dea8,Clipper,0,0,0
ac15cc12-e839-46fc-a556-f62c1596dea8,Cutter,0,0,0
ac15cc12-e839-46fc-a556-f62c1596dea8,Drier,0,0,0
ac15cc12-e839-46fc-a556-f62c1596dea8,Filer,0,0,0
ac15cc12-e839-46fc-a556-f62c1596dea8,Grinder,0,0,0
ac15cc12-e839-46fc-a556-f62c1596dea8,Hair dryer,0,0,0
ac15cc12-e839-46fc-a556-f62c1596dea8,Ice cream maker,0,0,0
ac15cc12-e839-46fc-a556-f62c1596dea8,Industrial sewing machine,0,0,0
ac15cc12-e839-46fc-a556-f62c1596dea8,Jigsaw machine,0,0,0
ac15cc12-e839-46fc-a556-f62c1596dea8,Lister,0,0,0
ac15cc12-e839-46fc-a556-f62c1596dea8,Mill,0,0,0
ac15cc12-e839-46fc-a556-f62c1596dea8,Mixer,0,0,0
ac15cc12-e839-46fc-a556-f62c1596dea8,Packing machine,0,0,0
ac15cc12-e839-46fc-a556-f62c1596dea8,Photocopier,0,0,0
ac15cc12-e839-46fc-a556-f62c1596dea8,Pressing Iron,0,0,0
ac15cc12-e839-46fc-a556-f62c1596dea8,Quail,0,0,0
ac15cc12-e839-46fc-a556-f62c1596dea8,Rebor machine,0,0,0
ac15cc12-e839-46fc-a556-f62c1596dea8,Spool gun,0,0,0
ac15cc12-e839-46fc-a556-f62c1596dea8,Stretcher,0,0,0
ac15cc12-e839-46fc-a556-f62c1596dea8,Tower warmer,0,0,0
ac15cc12-e839-46fc-a556-f62c1596dea8,Tyre repairer,0,0,0
ac15cc12-e839-46fc-a556-f62c1596dea8,Washing machine,0,0,0
ac15cc12-e839-46fc-a556-f62c1596dea8,Water pump machine,0,0,0
ac15cc12-e839-46fc-a556-f62c1596dea8,Welder,0,0,0
af2c3309-8322-4598-9d4d-be7a586b73ec,Atlas,0,0,0
af2c3309-8322-4598-9d4d-be7a586b73ec,Circular machine,0,0,0
af2c3309-8322-4598-9d4d-be7a586b73ec,Clipper,0,0,0
af2c3309-8322-4598-9d4d-be7a586b73ec,Cutter,0,0,0
af2c3309-8322-4598-9d4d-be7a586b73ec,Drier,0,0,0
af2c3309-8322-4598-9d4d-be7a586b73ec,Filer,0,0,0
af2c3309-8322-4598-9d4d-be7a586b73ec,Grinder,0,0,0
af2c3309-8322-4598-9d4d-be7a586b73ec,Hair dryer,1,4,1
af2c3309-8322-4598-9d4d-be7a586b73ec,Ice cream maker,0,0,0
af2c3309-8322-4598-9d4d-be7a586b73ec,Industrial sewing machine,0,0,0
af2c3309-8322-4598-9d4d-be7a586b73ec,Jigsaw machine,0,0,0
af2c3309-8322-4598-9d4d-be7a586b73ec,Lister,0,0,0
af2c3309-8322-4598-9d4d-be7a586b73ec,Mill,0,0,0
af2c3309-8322-4598-9d4d-be7a586b73ec,Mixer,0,0,0
af2c3309-8322-4598-9d4d-be7a586b73ec,Packing machine,0,0,0
af2c3309-8322-4598-9d4d-be7a586b73ec,Photocopier,0,0,0
af2c3309-8322-4598-9d4d-be7a586b73ec,Pressing Iron,0,0,0
af2c3309-8322-4598-9d4d-be7a586b73ec,Quail,0,0,0
af2c3309-8322-4598-9d4d-be7a586b73ec,Rebor machine,0,0,0
af2c3309-8322-4598-9d4d-be7a586b73ec,Spool gun,0,0,0
af2c3309-8322-4598-9d4d-be7a586b73ec,Stretcher,0,0,0
af2c3309-8322-4598-9d4d-be7a586b73ec,Tower warmer,0,0,0
af2c3309-8322-4598-9d4d-be7a586b73ec,Tyre repairer,0,0,0
af2c3309-8322-4598-9d4d-be7a586b73ec,Washing machine,0,0,0
af2c3309-8322-4598-9d4d-be7a586b73ec,Water pump machine,0,0,0
af2c3309-8322-4598-9d4d-be7a586b73ec,Welder,0,0,0
b24cddf3-5a1d-4425-9baa-6bdbd02c1a3c,Atlas,0,0,0
b24cddf3-5a1d-4425-9baa-6bdbd02c1a3c,Circular machine,0,0,0
b24cddf3-5a1d-4425-9baa-6bdbd02c1a3c,Clipper,0,0,0
b24cddf3-5a1d-4425-9baa-6bdbd02c1a3c,Cutter,0,0,0
b24cddf3-5a1d-4425-9baa-6bdbd02c1a3c,Drier,0,0,0
b24cddf3-5a1d-4425-9baa-6bdbd02c1a3c,Filer,0,0,0
b24cddf3-5a1d-4425-9baa-6bdbd02c1a3c,Grinder,0,0,0
b24cddf3-5a1d-4425-9baa-6bdbd02c1a3c,Hair dryer,0,0,0
b24cddf3-5a1d-4425-9baa-6bdbd02c1a3c,Ice cream maker,0,0,0
b24cddf3-5a1d-4425-9baa-6bdbd02c1a3c,Industrial sewing machine,0,0,0
b24cddf3-5a1d-4425-9baa-6bdbd02c1a3c,Jigsaw machine,0,0,0
b24cddf3-5a1d-4425-9baa-6bdbd02c1a3c,Lister,0,0,0
b24cddf3-5a1d-4425-9baa-6bdbd02c1a3c,Mill,0,0,0
b24cddf3-5a1d-4425-9baa-6bdbd02c1a3c,Mixer,0,0,0
b24cddf3-5a1d-4425-9baa-6bdbd02c1a3c,Packing machine,0,0,0
b24cddf3-5a1d-4425-9baa-6bdbd02c1a3c,Photocopier,0,0,0
b24cddf3-5a1d-4425-9baa-6bdbd02c1a3c,Pressing Iron,0,0,0
b24cddf3-5a1d-4425-9baa-6bdbd02c1a3c,Quail,0,0,0
b24cddf3-5a1d-4425-9baa-6bdbd02c1a3c,Rebor machine,0,0,0
b24cddf3-5a1d-4425-9baa-6bdbd02c1a3c,Spool gun,0,0,0
b24cddf3-5a1d-4425-9baa-6bdbd02c1a3c,Stretcher,0,0,0
b24cddf3-5a1d-4425-9baa-6bdbd02c1a3c,Tower warmer,0,0,0
b24cddf3-5a1d-4425-9baa-6bdbd02c1a3c,Tyre repairer,0,0,0
b24cddf3-5a1d-4425-9baa-6bdbd02c1a3c,Washing machine,0,0,0
b24cddf3-5a1d-4425-9baa-6bdbd02c1a3c,Water pump machine,0,0,0
b24cddf3-5a1d-4425-9baa-6bdbd02c1a3c,Welder,1,4,55
b4e92ed8-c711-4b3c-912a-8ded0fe55209,Atlas,0,0,0
b4e92ed8-c711-4b3c-912a-8ded0fe55209,Circular machine,0,0,0
b4e92ed8-c711-4b3c-912a-8ded0fe55209,Clipper,4,4,1
b4e92ed8-c711-4b3c-912a-8ded0fe55209,Cutter,0,0,0
b4e92ed8-c711-4b3c-912a-8ded0fe55209,Drier,0,0,0
b4e92ed8-c711-4b3c-912a-8ded0fe55209,Filer,0,0,0
b4e92ed8-c711-4b3c-912a-8ded0fe55209,Grinder,0,0,0
b4e92ed8-c711-4b3c-912a-8ded0fe55209,Hair dryer,0,0,0
b4e92ed8-c711-4b3c-912a-8ded0fe55209,Ice cream maker,0,0,0
b4e92ed8-c711-4b3c-912a-8ded0fe55209,Industrial sewing machine,0,0,0
b4e92ed8-c711-4b3c-912a-8ded0fe55209,Jigsaw machine,0,0,0
b4e92ed8-c711-4b3c-912a-8ded0fe55209,Lister,0,0,0
b4e92ed8-c711-4b3c-912a-8ded0fe55209,Mill,0,0,0
b4e92ed8-c711-4b3c-912a-8ded0fe55209,Mixer,0,0,0
b4e92ed8-c711-4b3c-912a-8ded0fe55209,Packing machine,0,0,0
b4e92ed8-c711-4b3c-912a-8ded0fe55209,Photocopier,0,0,0
b4e92ed8-c711-4b3c-912a-8ded0fe55209,Pressing Iron,0,0,0
b4e92ed8-c711-4b3c-912a-8ded0fe55209,Quail,0,0,0
b4e92ed8-c711-4b3c-912a-8ded0fe55209,Rebor machine,0,0,0
b4e92ed8-c711-4b3c-912a-8ded0fe55209,Spool gun,0,0,0
b4e92ed8-c711-4b3c-912a-8ded0fe55209,Stretcher,0,0,0
b4e92ed8-c711-4b3c-912a-8ded0fe55209,Tower warmer,0,0,0
b4e92ed8-c711-4b3c-912a-8ded0fe55209,Tyre repairer,0,0,0
b4e92ed8-c711-4b3c-912a-8ded0fe55209,Washing machine,0,0,0
b4e92ed8-c711-4b3c-912a-8ded0fe55209,Water pump machine,0,0,0
b4e92ed8-c711-4b3c-912a-8ded0fe55209,Welder,0,0,0
b5946500-b603-47a2-97e8-5ed1e0b2f2c3,Atlas,0,0,0
b5946500-b603-47a2-97e8-5ed1e0b2f2c3,Circular machine,0,0,0
b5946500-b603-47a2-97e8-5ed1e0b2f2c3,Clipper,0,0,0
b5946500-b603-47a2-97e8-5ed1e0b2f2c3,Cutter,0,0,0
b5946500-b603-47a2-97e8-5ed1e0b2f2c3,Drier,0,0,0
b5946500-b603-47a2-97e8-5ed1e0b2f2c3,Filer,0,0,0
b5946500-b603-47a2-97e8-5ed1e0b2f2c3,Grinder,0,0,0
b5946500-b603-47a2-97e8-5ed1e0b2f2c3,Hair dryer,0,0,0
b5946500-b603-47a2-97e8-5ed1e0b2f2c3,Ice cream maker,0,0,0
b5946500-b603-47a2-97e8-5ed1e0b2f2c3,Industrial sewing machine,0,0,0
b5946500-b603-47a2-97e8-5ed1e0b2f2c3,Jigsaw machine,0,0,0
b5946500-b603-47a2-97e8-5ed1e0b2f2c3,Lister,0,0,0
b5946500-b603-47a2-97e8-5ed1e0b2f2c3,Mill,0,0,0
b5946500-b603-47a2-97e8-5ed1e0b2f2c3,Mixer,0,0,0
b5946500-b603-47a2-97e8-5ed1e0b2f2c3,Packing machine,0,0,0
b5946500-b603-47a2-97e8-5ed1e0b2f2c3,Photocopier,0,0,0
b5946500-b603-47a2-97e8-5ed1e0b2f2c3,Pressing Iron,0,0,0
b5946500-b603-47a2-97e8-5ed1e0b2f2c3,Quail,0,0,0
b5946500-b603-47a2-97e8-5ed1e0b2f2c3,Rebor machine,0,0,0
b5946500-b603-47a2-97e8-5ed1e0b2f2c3,Spool gun,0,0,0
b5946500-b603-47a2-97e8-5ed1e0b2f2c3,Stretcher,0,0,0
b5946500-b603-47a2-97e8-5ed1e0b2f2c3,Tower warmer,0,0,0
b5946500-b603-47a2-97e8-5ed1e0b2f2c3,Tyre repairer,0,0,0
b5946500-b603-47a2-97e8-5ed1e0b2f2c3,Washing machine,0,0,0
b5946500-b603-47a2-97e8-5ed1e0b2f2c3,Water pump machine,0,0,0
b5946500-b603-47a2-97e8-5ed1e0b2f2c3,Welder,1,4,10
b8fbea21-bc94-4fb0-b5ac-aaf48496472b,Atlas,0,0,0
b8fbea21-bc94-4fb0-b5ac-aaf48496472b,Circular machine,0,0,0
b8fbea21-bc94-4fb0-b5ac-aaf48496472b,Clipper,0,0,0
b8fbea21-bc94-4fb0-b5ac-aaf48496472b,Cutter,2,4,1
b8fbea21-bc94-4fb0-b5ac-aaf48496472b,Drier,0,0,0
b8fbea21-bc94-4fb0-b5ac-aaf48496472b,Filer,0,0,0
b8fbea21-bc94-4fb0-b5ac-aaf48496472b,Grinder,0,0,0
b8fbea21-bc94-4fb0-b5ac-aaf48496472b,Hair dryer,0,0,0
b8fbea21-bc94-4fb0-b5ac-aaf48496472b,Ice cream maker,0,0,0
b8fbea21-bc94-4fb0-b5ac-aaf48496472b,Industrial sewing machine,0,0,0
b8fbea21-bc94-4fb0-b5ac-aaf48496472b,Jigsaw machine,0,0,0
b8fbea21-bc94-4fb0-b5ac-aaf48496472b,Lister,0,0,0
b8fbea21-bc94-4fb0-b5ac-aaf48496472b,Mill,2,4,1
b8fbea21-bc94-4fb0-b5ac-aaf48496472b,Mixer,0,0,0
b8fbea21-bc94-4fb0-b5ac-aaf48496472b,Packing machine,0,0,0
b8fbea21-bc94-4fb0-b5ac-aaf48496472b,Photocopier,0,0,0
b8fbea21-bc94-4fb0-b5ac-aaf48496472b,Pressing Iron,0,0,0
b8fbea21-bc94-4fb0-b5ac-aaf48496472b,Quail,0,0,0
b8fbea21-bc94-4fb0-b5ac-aaf48496472b,Rebor machine,0,0,0
b8fbea21-bc94-4fb0-b5ac-aaf48496472b,Spool gun,0,0,0
b8fbea21-bc94-4fb0-b5ac-aaf48496472b,Stretcher,0,0,0
b8fbea21-bc94-4fb0-b5ac-aaf48496472b,Tower warmer,0,0,0
b8fbea21-bc94-4fb0-b5ac-aaf48496472b,Tyre repairer,0,0,0
b8fbea21-bc94-4fb0-b5ac-aaf48496472b,Washing machine,0,0,0
b8fbea21-bc94-4fb0-b5ac-aaf48496472b,Water pump machine,0,0,0
b8fbea21-bc94-4fb0-b5ac-aaf48496472b,Welder,0,0,0
c322aa19-06be-4ab3-a6a7-b9b43cf546bf,Atlas,0,0,0
c322aa19-06be-4ab3-a6a7-b9b43cf546bf,Circular machine,0,0,0
c322aa19-06be-4ab3-a6a7-b9b43cf546bf,Clipper,0,0,0
c322aa19-06be-4ab3-a6a7-b9b43cf546bf,Cutter,0,0,0
c322aa19-06be-4ab3-a6a7-b9b43cf546bf,Drier,0,0,0
c322aa19-06be-4ab3-a6a7-b9b43cf546bf,Filer,0,0,0
c322aa19-06be-4ab3-a6a7-b9b43cf546bf,Grinder,2,4,1
c322aa19-06be-4ab3-a6a7-b9b43cf546bf,Hair dryer,0,0,0
c322aa19-06be-4ab3-a6a7-b9b43cf546bf,Ice cream maker,0,0,0
c322aa19-06be-4ab3-a6a7-b9b43cf546bf,Industrial sewing machine,0,0,0
c322aa19-06be-4ab3-a6a7-b9b43cf546bf,Jigsaw machine,0,0,0
c322aa19-06be-4ab3-a6a7-b9b43cf546bf,Lister,0,0,0
c322aa19-06be-4ab3-a6a7-b9b43cf546bf,Mill,0,0,0
c322aa19-06be-4ab3-a6a7-b9b43cf546bf,Mixer,0,0,0
c322aa19-06be-4ab3-a6a7-b9b43cf546bf,Packing machine,0,0,0
c322aa19-06be-4ab3-a6a7-b9b43cf546bf,Photocopier,0,0,0
c322aa19-06be-4ab3-a6a7-b9b43cf546bf,Pressing Iron,0,0,0
c322aa19-06be-4ab3-a6a7-b9b43cf546bf,Quail,0,0,0
c322aa19-06be-4ab3-a6a7-b9b43cf546bf,Rebor machine,0,0,0
c322aa19-06be-4ab3-a6a7-b9b43cf546bf,Spool gun,0,0,0
c322aa19-06be-4ab3-a6a7-b9b43cf546bf,Stretcher,0,0,0
c322aa19-06be-4ab3-a6a7-b9b43cf546bf,Tower warmer,0,0,0
c322aa19-06be-4ab3-a6a7-b9b43cf546bf,Tyre repairer,0,0,0
c322aa19-06be-4ab3-a6a7-b9b43cf546bf,Washing machine,0,0,0
c322aa19-06be-4ab3-a6a7-b9b43cf546bf,Water pump machine,0,0,0
c322aa19-06be-4ab3-a6a7-b9b43cf546bf,Welder,0,0,0
c3c563a6-f3bc-4645-8198-e5030bdb5005,Atlas,0,0,0
c3c563a6-f3bc-4645-8198-e5030bdb5005,Circular machine,0,0,0
c3c563a6-f3bc-4645-8198-e5030bdb5005,Clipper,0,0,0
c3c563a6-f3bc-4645-8198-e5030bdb5005,Cutter,0,0,0
c3c563a6-f3bc-4645-8198-e5030bdb5005,Drier,3,4,5
c3c563a6-f3bc-4645-8198-e5030bdb5005,Filer,0,0,0
c3c563a6-f3bc-4645-8198-e5030bdb5005,Grinder,0,0,0
c3c563a6-f3bc-4645-8198-e5030bdb5005,Hair dryer,0,0,0
c3c563a6-f3bc-4645-8198-e5030bdb5005,Ice cream maker,0,0,0
c3c563a6-f3bc-4645-8198-e5030bdb5005,Industrial sewing machine,0,0,0
c3c563a6-f3bc-4645-8198-e5030bdb5005,Jigsaw machine,0,0,0
c3c563a6-f3bc-4645-8198-e5030bdb5005,Lister,0,0,0
c3c563a6-f3bc-4645-8198-e5030bdb5005,Mill,0,0,0
c3c563a6-f3bc-4645-8198-e5030bdb5005,Mixer,0,0,0
c3c563a6-f3bc-4645-8198-e5030bdb5005,Packing machine,0,0,0
c3c563a6-f3bc-4645-8198-e5030bdb5005,Photocopier,0,0,0
c3c563a6-f3bc-4645-8198-e5030bdb5005,Pressing Iron,0,0,0
c3c563a6-f3bc-4645-8198-e5030bdb5005,Quail,0,0,0
c3c563a6-f3bc-4645-8198-e5030bdb5005,Rebor machine,0,0,0
c3c563a6-f3bc-4645-8198-e5030bdb5005,Spool gun,0,0,0
c3c563a6-f3bc-4645-8198-e5030bdb5005,Stretcher,3,4,2
c3c563a6-f3bc-4645-8198-e5030bdb5005,Tower warmer,0,0,0
c3c563a6-f3bc-4645-8198-e5030bdb5005,Tyre repairer,0,0,0
c3c563a6-f3bc-4645-8198-e5030bdb5005,Washing machine,0,0,0
c3c563a6-f3bc-4645-8198-e5030bdb5005,Water pump machine,0,0,0
c3c563a6-f3bc-4645-8198-e5030bdb5005,Welder,0,0,0
ca63dc66-16c8-4af6-b00d-48a1a12a403c,Atlas,0,0,0
ca63dc66-16c8-4af6-b00d-48a1a12a403c,Circular machine,0,0,0
ca63dc66-16c8-4af6-b00d-48a1a12a403c,Clipper,0,0,0
ca63dc66-16c8-4af6-b00d-48a1a12a403c,Cutter,0,0,0
ca63dc66-16c8-4af6-b00d-48a1a12a403c,Drier,0,0,0
ca63dc66-16c8-4af6-b00d-48a1a12a403c,Filer,0,0,0
ca63dc66-16c8-4af6-b00d-48a1a12a403c,Grinder,0,0,0
ca63dc66-16c8-4af6-b00d-48a1a12a403c,Hair dryer,0,0,0
ca63dc66-16c8-4af6-b00d-48a1a12a403c,Ice cream maker,0,0,0
ca63dc66-16c8-4af6-b00d-48a1a12a403c,Industrial sewing machine,0,0,0
ca63dc66-16c8-4af6-b00d-48a1a12a403c,Jigsaw machine,0,0,0
ca63dc66-16c8-4af6-b00d-48a1a12a403c,Lister,0,0,0
ca63dc66-16c8-4af6-b00d-48a1a12a403c,Mill,1,4,1
ca63dc66-16c8-4af6-b00d-48a1a12a403c,Mixer,0,0,0
ca63dc66-16c8-4af6-b00d-48a1a12a403c,Packing machine,0,0,0
ca63dc66-16c8-4af6-b00d-48a1a12a403c,Photocopier,0,0,0
ca63dc66-16c8-4af6-b00d-48a1a12a403c,Pressing Iron,0,0,0
ca63dc66-16c8-4af6-b00d-48a1a12a403c,Quail,0,0,0
ca63dc66-16c8-4af6-b00d-48a1a12a403c,Rebor machine,0,0,0
ca63dc66-16c8-4af6-b00d-48a1a12a403c,Spool gun,0,0,0
ca63dc66-16c8-4af6-b00d-48a1a12a403c,Stretcher,0,0,0
ca63dc66-16c8-4af6-b00d-48a1a12a403c,Tower warmer,0,0,0
ca63dc66-16c8-4af6-b00d-48a1a12a403c,Tyre repairer,0,0,0
ca63dc66-16c8-4af6-b00d-48a1a12a403c,Washing machine,0,0,0
ca63dc66-16c8-4af6-b00d-48a1a12a403c,Water pump machine,0,0,0
ca63dc66-16c8-4af6-b00d-48a1a12a403c,Welder,1,4,53
d14445fd-3769-49cd-bc16-3be12ee03b02,Atlas,2,4,1600
d14445fd-3769-49cd-bc16-3be12ee03b02,Circular machine,0,0,0
d14445fd-3769-49cd-bc16-3be12ee03b02,Clipper,0,0,0
d14445fd-3769-49cd-bc16-3be12ee03b02,Cutter,0,0,0
d14445fd-3769-49cd-bc16-3be12ee03b02,Drier,0,0,0
d14445fd-3769-49cd-bc16-3be12ee03b02,Filer,0,0,0
d14445fd-3769-49cd-bc16-3be12ee03b02,Grinder,0,0,0
d14445fd-3769-49cd-bc16-3be12ee03b02,Hair dryer,0,0,0
d14445fd-3769-49cd-bc16-3be12ee03b02,Ice cream maker,0,0,0
d14445fd-3769-49cd-bc16-3be12ee03b02,Industrial sewing machine,0,0,0
d14445fd-3769-49cd-bc16-3be12ee03b02,Jigsaw machine,0,0,0
d14445fd-3769-49cd-bc16-3be12ee03b02,Lister,0,0,0
d14445fd-3769-49cd-bc16-3be12ee03b02,Mill,0,0,0
d14445fd-3769-49cd-bc16-3be12ee03b02,Mixer,0,0,0
d14445fd-3769-49cd-bc16-3be12ee03b02,Packing machine,0,0,0
d14445fd-3769-49cd-bc16-3be12ee03b02,Photocopier,0,0,0
d14445fd-3769-49cd-bc16-3be12ee03b02,Pressing Iron,0,0,0
d14445fd-3769-49cd-bc16-3be12ee03b02,Quail,0,0,0
d14445fd-3769-49cd-bc16-3be12ee03b02,Rebor machine,0,0,0
d14445fd-3769-49cd-bc16-3be12ee03b02,Spool gun,0,0,0
d14445fd-3769-49cd-bc16-3be12ee03b02,Stretcher,0,0,0
d14445fd-3769-49cd-bc16-3be12ee03b02,Tower warmer,0,0,0
d14445fd-3769-49cd-bc16-3be12ee03b02,Tyre repairer,0,0,0
d14445fd-3769-49cd-bc16-3be12ee03b02,Washing machine,0,0,0
d14445fd-3769-49cd-bc16-3be12ee03b02,Water pump machine,0,0,0
d14445fd-3769-49cd-bc16-3be12ee03b02,Welder,0,0,0
d2afd566-7d46-4e41-af0c-6a9675f2c658,Atlas,0,0,0
d2afd566-7d46-4e41-af0c-6a9675f2c658,Circular machine,0,0,0
d2afd566-7d46-4e41-af0c-6a9675f2c658,Clipper,0,0,0
d2afd566-7d46-4e41-af0c-6a9675f2c658,Cutter,0,0,0
d2afd566-7d46-4e41-af0c-6a9675f2c658,Drier,0,0,0
d2afd566-7d46-4e41-af0c-6a9675f2c658,Filer,0,0,0
d2afd566-7d46-4e41-af0c-6a9675f2c658,Grinder,0,0,0
d2afd566-7d46-4e41-af0c-6a9675f2c658,Hair dryer,0,0,0
d2afd566-7d46-4e41-af0c-6a9675f2c658,Ice cream maker,0,0,0
d2afd566-7d46-4e41-af0c-6a9675f2c658,Industrial sewing machine,0,0,0
d2afd566-7d46-4e41-af0c-6a9675f2c658,Jigsaw machine,0,0,0
d2afd566-7d46-4e41-af0c-6a9675f2c658,Lister,0,0,0
d2afd566-7d46-4e41-af0c-6a9675f2c658,Mill,0,0,0
d2afd566-7d46-4e41-af0c-6a9675f2c658,Mixer,0,0,0
d2afd566-7d46-4e41-af0c-6a9675f2c658,Packing machine,0,0,0
d2afd566-7d46-4e41-af0c-6a9675f2c658,Photocopier,0,0,0
d2afd566-7d46-4e41-af0c-6a9675f2c658,Pressing Iron,0,0,0
d2afd566-7d46-4e41-af0c-6a9675f2c658,Quail,0,0,0
d2afd566-7d46-4e41-af0c-6a9675f2c658,Rebor machine,0,0,0
d2afd566-7d46-4e41-af0c-6a9675f2c658,Spool gun,0,0,0
d2afd566-7d46-4e41-af0c-6a9675f2c658,Stretcher,0,0,0
d2afd566-7d46-4e41-af0c-6a9675f2c658,Tower warmer,0,0,0
d2afd566-7d46-4e41-af0c-6a9675f2c658,Tyre repairer,0,0,0
d2afd566-7d46-4e41-af0c-6a9675f2c658,Washing machine,0,0,0
d2afd566-7d46-4e41-af0c-6a9675f2c658,Water pump machine,1,2,1500
d2afd566-7d46-4e41-af0c-6a9675f2c658,Welder,0,0,0
d2f38ef5-337a-4903-9266-0e90b197491d,Atlas,0,0,0
d2f38ef5-337a-4903-9266-0e90b197491d,Circular machine,0,0,0
d2f38ef5-337a-4903-9266-0e90b197491d,Clipper,0,0,0
d2f38ef5-337a-4903-9266-0e90b197491d,Cutter,0,0,0
d2f38ef5-337a-4903-9266-0e90b197491d,Drier,0,0,0
d2f38ef5-337a-4903-9266-0e90b197491d,Filer,0,0,0
d2f38ef5-337a-4903-9266-0e90b197491d,Grinder,0,0,0
d2f38ef5-337a-4903-9266-0e90b197491d,Hair dryer,0,0,0
d2f38ef5-337a-4903-9266-0e90b197491d,Ice cream maker,0,0,0
d2f38ef5-337a-4903-9266-0e90b197491d,Industrial sewing machine,0,0,0
d2f38ef5-337a-4903-9266-0e90b197491d,Jigsaw machine,0,0,0
d2f38ef5-337a-4903-9266-0e90b197491d,Lister,0,0,0
d2f38ef5-337a-4903-9266-0e90b197491d,Mill,1,2,75
d2f38ef5-337a-4903-9266-0e90b197491d,Mixer,0,0,0
d2f38ef5-337a-4903-9266-0e90b197491d,Packing machine,0,0,0
d2f38ef5-337a-4903-9266-0e90b197491d,Photocopier,0,0,0
d2f38ef5-337a-4903-9266-0e90b197491d,Pressing Iron,0,0,0
d2f38ef5-337a-4903-9266-0e90b197491d,Quail,0,0,0
d2f38ef5-337a-4903-9266-0e90b197491d,Rebor machine,0,0,0
d2f38ef5-337a-4903-9266-0e90b197491d,Spool gun,0,0,0
d2f38ef5-337a-4903-9266-0e90b197491d,Stretcher,0,0,0
d2f38ef5-337a-4903-9266-0e90b197491d,Tower warmer,0,0,0
d2f38ef5-337a-4903-9266-0e90b197491d,Tyre repairer,0,0,0
d2f38ef5-337a-4903-9266-0e90b197491d,Washing machine,0,0,0
d2f38ef5-337a-4903-9266-0e90b197491d,Water pump machine,0,0,0
d2f38ef5-337a-4903-9266-0e90b197491d,Welder,0,0,0
dbee5496-1407-4e0d-b1fd-86716944c093,Atlas,0,0,0
dbee5496-1407-4e0d-b1fd-86716944c093,Circular machine,0,0,0
dbee5496-1407-4e0d-b1fd-86716944c093,Clipper,0,0,0
dbee5496-1407-4e0d-b1fd-86716944c093,Cutter,0,0,0
dbee5496-1407-4e0d-b1fd-86716944c093,Drier,0,0,0
dbee5496-1407-4e0d-b1fd-86716944c093,Filer,2,1,1
dbee5496-1407-4e0d-b1fd-86716944c093,Grinder,0,0,0
dbee5496-1407-4e0d-b1fd-86716944c093,Hair dryer,0,0,0
dbee5496-1407-4e0d-b1fd-86716944c093,Ice cream maker,0,0,0
dbee5496-1407-4e0d-b1fd-86716944c093,Industrial sewing machine,0,0,0
dbee5496-1407-4e0d-b1fd-86716944c093,Jigsaw machine,0,0,0
dbee5496-1407-4e0d-b1fd-86716944c093,Lister,0,0,0
dbee5496-1407-4e0d-b1fd-86716944c093,Mill,0,0,0
dbee5496-1407-4e0d-b1fd-86716944c093,Mixer,0,0,0
dbee5496-1407-4e0d-b1fd-86716944c093,Packing machine,0,0,0
dbee5496-1407-4e0d-b1fd-86716944c093,Photocopier,0,0,0
dbee5496-1407-4e0d-b1fd-86716944c093,Pressing Iron,0,0,0
dbee5496-1407-4e0d-b1fd-86716944c093,Quail,0,0,0
dbee5496-1407-4e0d-b1fd-86716944c093,Rebor machine,0,0,0
dbee5496-1407-4e0d-b1fd-86716944c093,Spool gun,0,0,0
dbee5496-1407-4e0d-b1fd-86716944c093,Stretcher,0,0,0
dbee5496-1407-4e0d-b1fd-86716944c093,Tower warmer,0,0,0
dbee5496-1407-4e0d-b1fd-86716944c093,Tyre repairer,0,0,0
dbee5496-1407-4e0d-b1fd-86716944c093,Washing machine,0,0,0
dbee5496-1407-4e0d-b1fd-86716944c093,Water pump machine,0,0,0
dbee5496-1407-4e0d-b1fd-86716944c093,Welder,0,0,0
e0b5ae47-abec-4b7b-958f-cbe4e34d918f,Atlas,0,0,0
e0b5ae47-abec-4b7b-958f-cbe4e34d918f,Circular machine,0,0,0
e0b5ae47-abec-4b7b-958f-cbe4e34d918f,Clipper,0,0,0
e0b5ae47-abec-4b7b-958f-cbe4e34d918f,Cutter,0,0,0
e0b5ae47-abec-4b7b-958f-cbe4e34d918f,Drier,0,0,0
e0b5ae47-abec-4b7b-958f-cbe4e34d918f,Filer,0,0,0
e0b5ae47-abec-4b7b-958f-cbe4e34d918f,Grinder,0,0,0
e0b5ae47-abec-4b7b-958f-cbe4e34d918f,Hair dryer,0,0,0
e0b5ae47-abec-4b7b-958f-cbe4e34d918f,Ice cream maker,0,0,0
e0b5ae47-abec-4b7b-958f-cbe4e34d918f,Industrial sewing machine,0,0,0
e0b5ae47-abec-4b7b-958f-cbe4e34d918f,Jigsaw machine,0,0,0
e0b5ae47-abec-4b7b-958f-cbe4e34d918f,Lister,0,0,0
e0b5ae47-abec-4b7b-958f-cbe4e34d918f,Mill,0,0,0
e0b5ae47-abec-4b7b-958f-cbe4e34d918f,Mixer,0,0,0
e0b5ae47-abec-4b7b-958f-cbe4e34d918f,Packing machine,0,0,0
e0b5ae47-abec-4b7b-958f-cbe4e34d918f,Photocopier,0,0,0
e0b5ae47-abec-4b7b-958f-cbe4e34d918f,Pressing Iron,0,0,0
e0b5ae47-abec-4b7b-958f-cbe4e34d918f,Quail,0,0,0
e0b5ae47-abec-4b7b-958f-cbe4e34d918f,Rebor machine,0,0,0
e0b5ae47-abec-4b7b-958f-cbe4e34d918f,Spool gun,0,0,0
e0b5ae47-abec-4b7b-958f-cbe4e34d918f,Stretcher,0,0,0
e0b5ae47-abec-4b7b-958f-cbe4e34d918f,Tower warmer,0,0,0
e0b5ae47-abec-4b7b-958f-cbe4e34d918f,Tyre repairer,0,0,0
e0b5ae47-abec-4b7b-958f-cbe4e34d918f,Washing machine,0,0,0
e0b5ae47-abec-4b7b-958f-cbe4e34d918f,Water pump machine,0,0,0
e0b5ae47-abec-4b7b-958f-cbe4e34d918f,Welder,1,4,5
e2a104dc-f425-491b-a169-2d16bc63e2dd,Atlas,0,0,0
e2a104dc-f425-491b-a169-2d16bc63e2dd,Circular machine,0,0,0
e2a104dc-f425-491b-a169-2d16bc63e2dd,Clipper,0,0,0
e2a104dc-f425-491b-a169-2d16bc63e2dd,Cutter,0,0,0
e2a104dc-f425-491b-a169-2d16bc63e2dd,Drier,0,0,0
e2a104dc-f425-491b-a169-2d16bc63e2dd,Filer,0,0,0
e2a104dc-f425-491b-a169-2d16bc63e2dd,Grinder,1,4,99
e2a104dc-f425-491b-a169-2d16bc63e2dd,Hair dryer,0,0,0
e2a104dc-f425-491b-a169-2d16bc63e2dd,Ice cream maker,0,0,0
e2a104dc-f425-491b-a169-2d16bc63e2dd,Industrial sewing machine,0,0,0
e2a104dc-f425-491b-a169-2d16bc63e2dd,Jigsaw machine,0,0,0
e2a104dc-f425-491b-a169-2d16bc63e2dd,Lister,0,0,0
e2a104dc-f425-491b-a169-2d16bc63e2dd,Mill,0,0,0
e2a104dc-f425-491b-a169-2d16bc63e2dd,Mixer,0,0,0
e2a104dc-f425-491b-a169-2d16bc63e2dd,Packing machine,0,0,0
e2a104dc-f425-491b-a169-2d16bc63e2dd,Photocopier,0,0,0
e2a104dc-f425-491b-a169-2d16bc63e2dd,Pressing Iron,0,0,0
e2a104dc-f425-491b-a169-2d16bc63e2dd,Quail,0,0,0
e2a104dc-f425-491b-a169-2d16bc63e2dd,Rebor machine,0,0,0
e2a104dc-f425-491b-a169-2d16bc63e2dd,Spool gun,0,0,0
e2a104dc-f425-491b-a169-2d16bc63e2dd,Stretcher,0,0,0
e2a104dc-f425-491b-a169-2d16bc63e2dd,Tower warmer,0,0,0
e2a104dc-f425-491b-a169-2d16bc63e2dd,Tyre repairer,0,0,0
e2a104dc-f425-491b-a169-2d16bc63e2dd,Washing machine,0,0,0
e2a104dc-f425-491b-a169-2d16bc63e2dd,Water pump machine,0,0,0
e2a104dc-f425-491b-a169-2d16bc63e2dd,Welder,0,0,0
e51a6db9-e646-489c-b62f-583069f9f63e,Atlas,0,0,0
e51a6db9-e646-489c-b62f-583069f9f63e,Circular machine,0,0,0
e51a6db9-e646-489c-b62f-583069f9f63e,Clipper,0,0,0
e51a6db9-e646-489c-b62f-583069f9f63e,Cutter,0,0,0
e51a6db9-e646-489c-b62f-583069f9f63e,Drier,0,0,0
e51a6db9-e646-489c-b62f-583069f9f63e,Filer,0,0,0
e51a6db9-e646-489c-b62f-583069f9f63e,Grinder,0,0,0
e51a6db9-e646-489c-b62f-583069f9f63e,Hair dryer,0,0,0
e51a6db9-e646-489c-b62f-583069f9f63e,Ice cream maker,0,0,0
e51a6db9-e646-489c-b62f-583069f9f63e,Industrial sewing machine,0,0,0
e51a6db9-e646-489c-b62f-583069f9f63e,Jigsaw machine,0,0,0
e51a6db9-e646-489c-b62f-583069f9f63e,Lister,0,0,0
e51a6db9-e646-489c-b62f-583069f9f63e,Mill,0,0,0
e51a6db9-e646-489c-b62f-583069f9f63e,Mixer,2,4,1
e51a6db9-e646-489c-b62f-583069f9f63e,Packing machine,0,0,0
e51a6db9-e646-489c-b62f-583069f9f63e,Photocopier,0,0,0
e51a6db9-e646-489c-b62f-583069f9f63e,Pressing Iron,0,0,0
e51a6db9-e646-489c-b62f-583069f9f63e,Quail,0,0,0
e51a6db9-e646-489c-b62f-583069f9f63e,Rebor machine,0,0,0
e51a6db9-e646-489c-b62f-583069f9f63e,Spool gun,0,0,0
e51a6db9-e646-489c-b62f-583069f9f63e,Stretcher,0,0,0
e51a6db9-e646-489c-b62f-583069f9f63e,Tower warmer,0,0,0
e51a6db9-e646-489c-b62f-583069f9f63e,Tyre repairer,0,0,0
e51a6db9-e646-489c-b62f-583069f9f63e,Washing machine,0,0,0
e51a6db9-e646-489c-b62f-583069f9f63e,Water pump machine,0,0,0
e51a6db9-e646-489c-b62f-583069f9f63e,Welder,0,0,0
e755ffac-a0fa-4133-8b82-9463d0e6a703,Atlas,0,0,0
e755ffac-a0fa-4133-8b82-9463d0e6a703,Circular machine,0,0,0
e755ffac-a0fa-4133-8b82-9463d0e6a703,Clipper,0,0,0
e755ffac-a0fa-4133-8b82-9463d0e6a703,Cutter,0,0,0
e755ffac-a0fa-4133-8b82-9463d0e6a703,Drier,0,0,0
e755ffac-a0fa-4133-8b82-9463d0e6a703,Filer,0,0,0
e755ffac-a0fa-4133-8b82-9463d0e6a703,Grinder,0,0,0
e755ffac-a0fa-4133-8b82-9463d0e6a703,Hair dryer,0,0,0
e755ffac-a0fa-4133-8b82-9463d0e6a703,Ice cream maker,0,0,0
e755ffac-a0fa-4133-8b82-9463d0e6a703,Industrial sewing machine,0,0,0
e755ffac-a0fa-4133-8b82-9463d0e6a703,Jigsaw machine,0,0,0
e755ffac-a0fa-4133-8b82-9463d0e6a703,Lister,0,0,0
e755ffac-a0fa-4133-8b82-9463d0e6a703,Mill,1,2,75
e755ffac-a0fa-4133-8b82-9463d0e6a703,Mill,1,2,75
e755ffac-a0fa-4133-8b82-9463d0e6a703,Mixer,0,0,0
e755ffac-a0fa-4133-8b82-9463d0e6a703,Packing machine,0,0,0
e755ffac-a0fa-4133-8b82-9463d0e6a703,Photocopier,0,0,0
e755ffac-a0fa-4133-8b82-9463d0e6a703,Pressing Iron,0,0,0
e755ffac-a0fa-4133-8b82-9463d0e6a703,Quail,0,0,0
e755ffac-a0fa-4133-8b82-9463d0e6a703,Rebor machine,0,0,0
e755ffac-a0fa-4133-8b82-9463d0e6a703,Spool gun,0,0,0
e755ffac-a0fa-4133-8b82-9463d0e6a703,Stretcher,0,0,0
e755ffac-a0fa-4133-8b82-9463d0e6a703,Tower warmer,0,0,0
e755ffac-a0fa-4133-8b82-9463d0e6a703,Tyre repairer,0,0,0
e755ffac-a0fa-4133-8b82-9463d0e6a703,Washing machine,0,0,0
e755ffac-a0fa-4133-8b82-9463d0e6a703,Water pump machine,0,0,0
e755ffac-a0fa-4133-8b82-9463d0e6a703,Welder,0,0,0
e99da6cb-752a-4ad7-995e-52c638102b31,Atlas,0,0,0
e99da6cb-752a-4ad7-995e-52c638102b31,Circular machine,0,0,0
e99da6cb-752a-4ad7-995e-52c638102b31,Clipper,0,0,0
e99da6cb-752a-4ad7-995e-52c638102b31,Cutter,0,0,0
e99da6cb-752a-4ad7-995e-52c638102b31,Drier,0,0,0
e99da6cb-752a-4ad7-995e-52c638102b31,Filer,0,0,0
e99da6cb-752a-4ad7-995e-52c638102b31,Grinder,0,0,0
e99da6cb-752a-4ad7-995e-52c638102b31,Hair dryer,0,0,0
e99da6cb-752a-4ad7-995e-52c638102b31,Ice cream maker,0,0,0
e99da6cb-752a-4ad7-995e-52c638102b31,Industrial sewing machine,0,0,0
e99da6cb-752a-4ad7-995e-52c638102b31,Jigsaw machine,0,0,0
e99da6cb-752a-4ad7-995e-52c638102b31,Lister,0,0,0
e99da6cb-752a-4ad7-995e-52c638102b31,Mill,0,0,0
e99da6cb-752a-4ad7-995e-52c638102b31,Mixer,0,0,0
e99da6cb-752a-4ad7-995e-52c638102b31,Packing machine,0,0,0
e99da6cb-752a-4ad7-995e-52c638102b31,Photocopier,0,0,0
e99da6cb-752a-4ad7-995e-52c638102b31,Pressing Iron,0,0,0
e99da6cb-752a-4ad7-995e-52c638102b31,Quail,0,0,0
e99da6cb-752a-4ad7-995e-52c638102b31,Rebor machine,0,0,0
e99da6cb-752a-4ad7-995e-52c638102b31,Spool gun,0,0,0
e99da6cb-752a-4ad7-995e-52c638102b31,Stretcher,0,0,0
e99da6cb-752a-4ad7-995e-52c638102b31,Tower warmer,0,0,0
e99da6cb-752a-4ad7-995e-52c638102b31,Tyre repairer,0,0,0
e99da6cb-752a-4ad7-995e-52c638102b31,Washing machine,0,0,0
e99da6cb-752a-4ad7-995e-52c638102b31,Water pump machine,0,0,0
e99da6cb-752a-4ad7-995e-52c638102b31,Welder,1,4,1
e99da6cb-752a-4ad7-995e-52c638102b31,Welder,1,4,1
edc4429e-de6a-4996-820b-72f15156d85d,Atlas,0,0,0
edc4429e-de6a-4996-820b-72f15156d85d,Circular machine,0,0,0
edc4429e-de6a-4996-820b-72f15156d85d,Clipper,0,0,0
edc4429e-de6a-4996-820b-72f15156d85d,Cutter,0,0,0
edc4429e-de6a-4996-820b-72f15156d85d,Drier,0,0,0
edc4429e-de6a-4996-820b-72f15156d85d,Filer,0,0,0
edc4429e-de6a-4996-820b-72f15156d85d,Grinder,0,0,0
edc4429e-de6a-4996-820b-72f15156d85d,Hair dryer,0,0,0
edc4429e-de6a-4996-820b-72f15156d85d,Ice cream maker,0,0,0
edc4429e-de6a-4996-820b-72f15156d85d,Industrial sewing machine,0,0,0
edc4429e-de6a-4996-820b-72f15156d85d,Jigsaw machine,0,0,0
edc4429e-de6a-4996-820b-72f15156d85d,Lister,0,0,0
edc4429e-de6a-4996-820b-72f15156d85d,Mill,3,4,1
edc4429e-de6a-4996-820b-72f15156d85d,Mixer,0,0,0
edc4429e-de6a-4996-820b-72f15156d85d,Packing machine,0,0,0
edc4429e-de6a-4996-820b-72f15156d85d,Photocopier,0,0,0
edc4429e-de6a-4996-820b-72f15156d85d,Pressing Iron,0,0,0
edc4429e-de6a-4996-820b-72f15156d85d,Quail,0,0,0
edc4429e-de6a-4996-820b-72f15156d85d,Rebor machine,0,0,0
edc4429e-de6a-4996-820b-72f15156d85d,Spool gun,0,0,0
edc4429e-de6a-4996-820b-72f15156d85d,Stretcher,0,0,0
edc4429e-de6a-4996-820b-72f15156d85d,Tower warmer,0,0,0
edc4429e-de6a-4996-820b-72f15156d85d,Tyre repairer,0,0,0
edc4429e-de6a-4996-820b-72f15156d85d,Washing machine,0,0,0
edc4429e-de6a-4996-820b-72f15156d85d,Water pump machine,0,0,0
edc4429e-de6a-4996-820b-72f15156d85d,Welder,0,0,0
f038bd8d-ba1a-4942-b2fa-dd4877887a35,Atlas,0,0,0
f038bd8d-ba1a-4942-b2fa-dd4877887a35,Circular machine,0,0,0
f038bd8d-ba1a-4942-b2fa-dd4877887a35,Clipper,0,0,0
f038bd8d-ba1a-4942-b2fa-dd4877887a35,Cutter,0,0,0
f038bd8d-ba1a-4942-b2fa-dd4877887a35,Drier,0,0,0
f038bd8d-ba1a-4942-b2fa-dd4877887a35,Filer,0,0,0
f038bd8d-ba1a-4942-b2fa-dd4877887a35,Grinder,0,0,0
f038bd8d-ba1a-4942-b2fa-dd4877887a35,Hair dryer,0,0,0
f038bd8d-ba1a-4942-b2fa-dd4877887a35,Ice cream maker,0,0,0
f038bd8d-ba1a-4942-b2fa-dd4877887a35,Industrial sewing machine,0,0,0
f038bd8d-ba1a-4942-b2fa-dd4877887a35,Jigsaw machine,0,0,0
f038bd8d-ba1a-4942-b2fa-dd4877887a35,Lister,0,0,0
f038bd8d-ba1a-4942-b2fa-dd4877887a35,Mill,0,0,0
f038bd8d-ba1a-4942-b2fa-dd4877887a35,Mixer,0,0,0
f038bd8d-ba1a-4942-b2fa-dd4877887a35,Packing machine,0,0,0
f038bd8d-ba1a-4942-b2fa-dd4877887a35,Photocopier,0,0,0
f038bd8d-ba1a-4942-b2fa-dd4877887a35,Pressing Iron,0,0,0
f038bd8d-ba1a-4942-b2fa-dd4877887a35,Quail,4,4,1
f038bd8d-ba1a-4942-b2fa-dd4877887a35,Rebor machine,0,0,0
f038bd8d-ba1a-4942-b2fa-dd4877887a35,Spool gun,0,0,0
f038bd8d-ba1a-4942-b2fa-dd4877887a35,Stretcher,0,0,0
f038bd8d-ba1a-4942-b2fa-dd4877887a35,Tower warmer,0,0,0
f038bd8d-ba1a-4942-b2fa-dd4877887a35,Tyre repairer,0,0,0
f038bd8d-ba1a-4942-b2fa-dd4877887a35,Washing machine,0,0,0
f038bd8d-ba1a-4942-b2fa-dd4877887a35,Water pump machine,0,0,0
f038bd8d-ba1a-4942-b2fa-dd4877887a35,Welder,0,0,0
f38cb8f1-2e3d-411c-a5cc-7811735d1d04,Atlas,0,0,0
f38cb8f1-2e3d-411c-a5cc-7811735d1d04,Circular machine,0,0,0
f38cb8f1-2e3d-411c-a5cc-7811735d1d04,Clipper,0,0,0
f38cb8f1-2e3d-411c-a5cc-7811735d1d04,Cutter,0,0,0
f38cb8f1-2e3d-411c-a5cc-7811735d1d04,Drier,0,0,0
f38cb8f1-2e3d-411c-a5cc-7811735d1d04,Filer,0,0,0
f38cb8f1-2e3d-411c-a5cc-7811735d1d04,Grinder,0,0,0
f38cb8f1-2e3d-411c-a5cc-7811735d1d04,Hair dryer,0,0,0
f38cb8f1-2e3d-411c-a5cc-7811735d1d04,Ice cream maker,0,0,0
f38cb8f1-2e3d-411c-a5cc-7811735d1d04,Industrial sewing machine,0,0,0
f38cb8f1-2e3d-411c-a5cc-7811735d1d04,Jigsaw machine,0,0,0
f38cb8f1-2e3d-411c-a5cc-7811735d1d04,Lister,0,0,0
f38cb8f1-2e3d-411c-a5cc-7811735d1d04,Mill,0,0,0
f38cb8f1-2e3d-411c-a5cc-7811735d1d04,Mixer,0,0,0
f38cb8f1-2e3d-411c-a5cc-7811735d1d04,Packing machine,0,0,0
f38cb8f1-2e3d-411c-a5cc-7811735d1d04,Photocopier,0,0,0
f38cb8f1-2e3d-411c-a5cc-7811735d1d04,Pressing Iron,0,0,0
f38cb8f1-2e3d-411c-a5cc-7811735d1d04,Quail,0,0,0
f38cb8f1-2e3d-411c-a5cc-7811735d1d04,Rebor machine,0,0,0
f38cb8f1-2e3d-411c-a5cc-7811735d1d04,Spool gun,0,0,0
f38cb8f1-2e3d-411c-a5cc-7811735d1d04,Stretcher,0,0,0
f38cb8f1-2e3d-411c-a5cc-7811735d1d04,Tower warmer,0,0,0
f38cb8f1-2e3d-411c-a5cc-7811735d1d04,Tyre repairer,0,0,0
f38cb8f1-2e3d-411c-a5cc-7811735d1d04,Washing machine,0,0,0
f38cb8f1-2e3d-411c-a5cc-7811735d1d04,Water pump machine,0,0,0
f38cb8f1-2e3d-411c-a5cc-7811735d1d04,Welder,1,4,53
f74e974f-2cbd-4dd6-bcef-ca8c44da2e1b,Atlas,0,0,0
f74e974f-2cbd-4dd6-bcef-ca8c44da2e1b,Circular machine,0,0,0
f74e974f-2cbd-4dd6-bcef-ca8c44da2e1b,Clipper,0,0,0
f74e974f-2cbd-4dd6-bcef-ca8c44da2e1b,Cutter,0,0,0
f74e974f-2cbd-4dd6-bcef-ca8c44da2e1b,Drier,0,0,0
f74e974f-2cbd-4dd6-bcef-ca8c44da2e1b,Filer,0,0,0
f74e974f-2cbd-4dd6-bcef-ca8c44da2e1b,Grinder,0,0,0
f74e974f-2cbd-4dd6-bcef-ca8c44da2e1b,Hair dryer,0,0,0
f74e974f-2cbd-4dd6-bcef-ca8c44da2e1b,Ice cream maker,0,0,0
f74e974f-2cbd-4dd6-bcef-ca8c44da2e1b,Industrial sewing machine,0,0,0
f74e974f-2cbd-4dd6-bcef-ca8c44da2e1b,Jigsaw machine,0,0,0
f74e974f-2cbd-4dd6-bcef-ca8c44da2e1b,Lister,0,0,0
f74e974f-2cbd-4dd6-bcef-ca8c44da2e1b,Mill,0,0,0
f74e974f-2cbd-4dd6-bcef-ca8c44da2e1b,Mixer,0,0,0
f74e974f-2cbd-4dd6-bcef-ca8c44da2e1b,Packing machine,0,0,0
f74e974f-2cbd-4dd6-bcef-ca8c44da2e1b,Photocopier,0,0,0
f74e974f-2cbd-4dd6-bcef-ca8c44da2e1b,Pressing Iron,0,0,0
f74e974f-2cbd-4dd6-bcef-ca8c44da2e1b,Quail,0,0,0
f74e974f-2cbd-4dd6-bcef-ca8c44da2e1b,Rebor machine,0,0,0
f74e974f-2cbd-4dd6-bcef-ca8c44da2e1b,Spool gun,0,0,0
f74e974f-2cbd-4dd6-bcef-ca8c44da2e1b,Stretcher,0,0,0
f74e974f-2cbd-4dd6-bcef-ca8c44da2e1b,Tower warmer,0,0,0
f74e974f-2cbd-4dd6-bcef-ca8c44da2e1b,Tyre repairer,0,0,0
f74e974f-2cbd-4dd6-bcef-ca8c44da2e1b,Washing machine,0,0,0
f74e974f-2cbd-4dd6-bcef-ca8c44da2e1b,Water pump machine,0,0,0
f74e974f-2cbd-4dd6-bcef-ca8c44da2e1b,Welder,2,4,1
fadfbae0-67bc-42b9-a91a-9ec54e20c389,Atlas,0,0,0
fadfbae0-67bc-42b9-a91a-9ec54e20c389,Circular machine,0,0,0
fadfbae0-67bc-42b9-a91a-9ec54e20c389,Clipper,0,0,0
fadfbae0-67bc-42b9-a91a-9ec54e20c389,Cutter,0,0,0
fadfbae0-67bc-42b9-a91a-9ec54e20c389,Drier,0,0,0
fadfbae0-67bc-42b9-a91a-9ec54e20c389,Filer,1,4,1
fadfbae0-67bc-42b9-a91a-9ec54e20c389,Grinder,0,0,0
fadfbae0-67bc-42b9-a91a-9ec54e20c389,Hair dryer,0,0,0
fadfbae0-67bc-42b9-a91a-9ec54e20c389,Ice cream maker,0,0,0
fadfbae0-67bc-42b9-a91a-9ec54e20c389,Industrial sewing machine,0,0,0
fadfbae0-67bc-42b9-a91a-9ec54e20c389,Jigsaw machine,0,0,0
fadfbae0-67bc-42b9-a91a-9ec54e20c389,Lister,0,0,0
fadfbae0-67bc-42b9-a91a-9ec54e20c389,Mill,0,0,0
fadfbae0-67bc-42b9-a91a-9ec54e20c389,Mixer,0,0,0
fadfbae0-67bc-42b9-a91a-9ec54e20c389,Packing machine,0,0,0
fadfbae0-67bc-42b9-a91a-9ec54e20c389,Photocopier,0,0,0
fadfbae0-67bc-42b9-a91a-9ec54e20c389,Pressing Iron,0,0,0
fadfbae0-67bc-42b9-a91a-9ec54e20c389,Quail,0,0,0
fadfbae0-67bc-42b9-a91a-9ec54e20c389,Rebor machine,0,0,0
fadfbae0-67bc-42b9-a91a-9ec54e20c389,Spool gun,0,0,0
fadfbae0-67bc-42b9-a91a-9ec54e20c389,Stretcher,0,0,0
fadfbae0-67bc-42b9-a91a-9ec54e20c389,Tower warmer,0,0,0
fadfbae0-67bc-42b9-a91a-9ec54e20c389,Tyre repairer,0,0,0
fadfbae0-67bc-42b9-a91a-9ec54e20c389,Washing machine,0,0,0
fadfbae0-67bc-42b9-a91a-9ec54e20c389,Water pump machine,0,0,0
fadfbae0-67bc-42b9-a91a-9ec54e20c389,Welder,1,4,1
fd4abeea-0441-4184-8785-50301b1a658a,Atlas,0,0,0
fd4abeea-0441-4184-8785-50301b1a658a,Circular machine,0,0,0
fd4abeea-0441-4184-8785-50301b1a658a,Clipper,0,0,0
fd4abeea-0441-4184-8785-50301b1a658a,Cutter,0,0,0
fd4abeea-0441-4184-8785-50301b1a658a,Drier,0,0,0
fd4abeea-0441-4184-8785-50301b1a658a,Filer,0,0,0
fd4abeea-0441-4184-8785-50301b1a658a,Grinder,0,0,0
fd4abeea-0441-4184-8785-50301b1a658a,Hair dryer,0,0,0
fd4abeea-0441-4184-8785-50301b1a658a,Ice cream maker,0,0,0
fd4abeea-0441-4184-8785-50301b1a658a,Industrial sewing machine,0,0,0
fd4abeea-0441-4184-8785-50301b1a658a,Jigsaw machine,0,0,0
fd4abeea-0441-4184-8785-50301b1a658a,Lister,0,0,0
fd4abeea-0441-4184-8785-50301b1a658a,Mill,1,4,20
fd4abeea-0441-4184-8785-50301b1a658a,Mill,1,4,20
fd4abeea-0441-4184-8785-50301b1a658a,Mixer,0,0,0
fd4abeea-0441-4184-8785-50301b1a658a,Packing machine,0,0,0
fd4abeea-0441-4184-8785-50301b1a658a,Photocopier,0,0,0
fd4abeea-0441-4184-8785-50301b1a658a,Pressing Iron,0,0,0
fd4abeea-0441-4184-8785-50301b1a658a,Quail,0,0,0
fd4abeea-0441-4184-8785-50301b1a658a,Rebor machine,0,0,0
fd4abeea-0441-4184-8785-50301b1a658a,Spool gun,0,0,0
fd4abeea-0441-4184-8785-50301b1a658a,Stretcher,0,0,0
fd4abeea-0441-4184-8785-50301b1a658a,Tower warmer,0,0,0
fd4abeea-0441-4184-8785-50301b1a658a,Tyre repairer,0,0,0
fd4abeea-0441-4184-8785-50301b1a658a,Washing machine,0,0,0
fd4abeea-0441-4184-8785-50301b1a658a,Water pump machine,0,0,0
fd4abeea-0441-4184-8785-50301b1a658a,Welder,0,0,0
